PERIOD,USR_MATRICULE,ASSIDUITE,PROD,QUAL,DEPASS,SCORE,GENERATED,score_mean,score_std,score_last,score_trend,score_change,score_missing_count,assiduite_mean,assiduite_std,assiduite_last,assiduite_trend,assiduite_change,assiduite_missing_count,prod_mean,prod_std,prod_last,prod_trend,prod_change,prod_missing_count,qual_mean,qual_std,qual_last,qual_trend,qual_change,qual_missing_count,depass_mean,depass_std,depass_last,depass_trend,depass_change,depass_missing_count,target_SCORE,ASSIDUITE_lag_1,ASSIDUITE_lag_2,ASSIDUITE_lag_3,PROD_lag_1,PROD_lag_2,PROD_lag_3,QUAL_lag_1,QUAL_lag_2,QUAL_lag_3,DEPASS_lag_1,DEPASS_lag_2,DEPASS_lag_3,SCORE_lag_1,SCORE_lag_2,SCORE_lag_3
2025-11-01,1095,99.396,91.068,88.876,8.606,67.684,True,76.649,17.9237559865857,61.44,-2.6259999999999852,-5.251999999999995,0.0,102.43633333333332,5.472981901019671,97.232,-1.4224999999999852,-2.844999999999999,0.0,96.37033333333333,7.397914901436003,106.485,8.744000000000016,17.488,0.0,79.21199999999999,3.988999999999997,75.223,-7.977999999999994,-7.977999999999994,1.0,19.342000000000002,13.837000000000002,33.179,27.673999999999992,27.674000000000003,1.0,67.684,97.232,110.0,100.077,106.485,93.629,88.997,75.223,,83.201,33.179,,5.505,61.44,101.815,66.692
2025-12-01,1095,99.839,78.665,80.518,12.255,61.692,True,76.97966666666666,17.74527580950929,67.684,-17.065499999999986,-34.131,0.0,102.20933333333333,5.579222725633224,99.396,-5.301999999999986,-10.604,0.0,97.06066666666668,6.74552811539286,91.068,-1.2805000000000044,-2.561000000000007,0.0,82.0495,6.826500000000003,88.876,13.652999999999984,13.653000000000006,1.0,20.892500000000002,12.2865,8.606,-24.572999999999997,-24.573,1.0,61.692,99.396,97.232,110.0,91.068,106.485,93.629,88.876,75.223,,8.606,33.179,,67.684,61.44,101.815
2026-01-01,1095,96.141,94.787,,,95.464,True,63.605333333333334,2.8858871926825005,61.692,0.12600000000001457,0.25200000000000244,0.0,98.82233333333333,1.1389856110689995,99.839,1.3035000000000068,2.6069999999999993,0.0,92.07266666666668,11.379663625179004,78.665,-13.909999999999988,-27.819999999999993,0.0,81.539,5.620375610223931,80.518,2.647500000000012,5.295000000000002,0.0,18.013333333333335,10.826722629165712,12.255,-10.461999999999998,-20.924,0.0,95.464,99.839,99.396,97.232,78.665,91.068,106.485,80.518,88.876,75.223,12.255,8.606,33.179,61.692,67.684,61.44
2026-02-01,1095,101.995,109.471,77.541,12.274,69.183,True,74.94666666666667,14.712732384646376,95.464,13.89000000000001,27.78,0.0,98.45866666666667,1.64878669195125,96.141,-1.6274999999999942,-3.2549999999999955,0.0,88.17333333333333,6.892703501207312,94.787,1.8595000000000106,3.7190000000000083,0.0,84.697,4.179000000000002,80.518,-8.358000000000011,-8.358000000000004,1.0,10.4305,1.8245000000000005,12.255,3.648999999999999,3.649000000000001,1.0,69.183,96.141,99.839,99.396,94.787,78.665,91.068,,80.518,88.876,,12.255,8.606,95.464,61.692,67.684
2025-11-01,1212,88.05,72.197,-97.686,-4.812,16.843,True,65.45966666666666,10.039127197564978,60.01,1.5894999999999997,3.178999999999995,0.0,87.66199999999999,3.112786961336524,84.624,-3.6580000000000052,-7.3160000000000025,0.0,85.35466666666667,8.99742338425594,91.034,-0.6709999999999965,-1.3419999999999987,0.0,81.52,8.899000000000001,90.419,17.79799999999998,17.798000000000002,1.0,27.825499999999998,1.7864999999999984,26.039,-3.5730000000000004,-3.572999999999997,1.0,16.843,84.624,86.422,91.94,91.034,72.654,92.376,90.419,,72.621,26.039,,29.612,60.01,79.538,56.831
2025-12-01,1212,90.417,84.048,,,87.232,True,52.13033333333333,26.19456198441874,16.843,-31.347500000000004,-62.69499999999999,0.0,86.36533333333334,1.3992324880289042,88.05,0.8140000000000058,1.6280000000000001,0.0,78.62833333333333,8.774114820817479,72.197,-0.22849999999999043,-0.45699999999999363,0.0,-3.633500000000005,94.05250000000001,-97.686,-188.10499999999996,-188.10500000000002,1.0,10.6135,15.4255,-4.812,-30.851,-30.851000000000003,1.0,87.232,88.05,84.624,86.422,72.197,91.034,72.654,-97.686,90.419,,-4.812,26.039,,16.843,60.01,79.538
2026-01-01,1212,97.425,104.423,72.25,-12.305,71.601,True,54.69499999999999,28.9809103721743,87.232,13.611000000000013,27.222,0.0,87.697,2.3781181635907016,90.417,2.8965000000000134,5.793000000000006,0.0,82.42633333333333,7.7751953601751325,84.048,-3.49299999999999,-6.986000000000004,0.0,-3.633500000000005,94.05250000000001,-97.686,-188.10499999999996,-188.10500000000002,1.0,10.6135,15.4255,-4.812,-30.851,-30.851000000000003,1.0,71.601,90.417,88.05,84.624,84.048,72.197,91.034,,-97.686,90.419,,-4.812,26.039,87.232,16.843,60.01
2026-02-01,1212,86.433,77.358,73.906,-9.648,61.836,True,58.55866666666666,30.179790968276915,71.601,27.37900000000001,54.757999999999996,0.0,91.964,3.9805831231114865,97.425,4.687500000000021,9.375,0.0,86.88933333333334,13.308735235008454,104.423,16.113000000000003,32.226,0.0,-12.718000000000004,84.968,72.25,169.93599999999998,169.936,1.0,-8.5585,3.7464999999999997,-12.305,-7.492999999999996,-7.492999999999999,1.0,61.836,97.425,90.417,88.05,104.423,84.048,72.197,72.25,,-97.686,-12.305,,-4.812,71.601,87.232,16.843
2025-11-01,2010,102.356,101.233,70.52,-28.101,75.552,True,68.84,7.056020549856697,64.458,0.5955000000000027,1.1909999999999954,0.0,100.021,4.5534791826324055,105.168,2.1844999999999946,4.369,0.0,94.97500000000001,3.8811094633708345,90.745,-1.6580000000000021,-3.3160000000000025,0.0,72.99766666666666,2.6111711718860726,76.684,2.6705000000000014,5.340999999999994,0.0,-7.366333333333334,30.153889305066805,14.765,0.8145000000000052,1.6290000000000013,0.0,75.552,105.168,94.096,100.799,90.745,100.119,94.061,76.684,70.966,71.343,14.765,-50.0,13.136,64.458,78.795,63.267
2025-12-01,2010,110.0,110.0,74.783,13.321,70.366,True,72.935,6.138615967789485,75.552,-1.6214999999999897,-3.242999999999995,0.0,100.54,4.698984854909266,102.356,4.1300000000000034,8.259999999999991,0.0,97.36566666666666,4.703556762942509,101.233,0.5570000000000195,1.1140000000000043,0.0,72.72333333333331,2.806526837371931,70.52,-0.22299999999997785,-0.44599999999999795,0.0,-21.112,26.898090353530055,-28.101,10.949499999999997,21.899,0.0,70.366,102.356,105.168,94.096,101.233,90.745,100.119,70.52,76.684,70.966,-28.101,14.765,-50.0,75.552,64.458,78.795
2026-01-01,2010,98.296,97.399,70.009,-49.278,78.746,True,70.12533333333333,4.532302529865174,70.366,2.953999999999997,5.908000000000001,0.0,105.84133333333334,3.156761772590529,110.0,2.4159999999999875,4.831999999999994,0.0,100.65933333333334,7.871280130251296,110.0,9.627499999999994,19.254999999999995,0.0,73.99566666666668,2.577291127435075,74.783,-0.9504999999999932,-1.9009999999999962,0.0,-0.004999999999999598,19.8756164851978,13.321,-0.7219999999999969,-1.4440000000000008,0.0,78.746,110.0,102.356,105.168,110.0,101.233,90.745,74.783,70.52,76.684,13.321,-28.101,14.765,70.366,75.552,64.458
2026-02-01,2010,105.536,79.435,71.406,-43.032,74.852,True,74.88799999999999,3.4531890574752286,78.746,1.5969999999999958,3.1939999999999884,0.0,103.55066666666666,4.8522383380135885,98.296,-2.0299999999999683,-4.059999999999988,0.0,102.87733333333334,5.274098617036111,97.399,-1.9169999999999814,-3.834000000000003,0.0,71.77066666666667,2.1402327495443636,70.009,-0.25549999999999473,-0.5109999999999957,0.0,-21.352666666666664,25.997611458662035,-49.278,-10.588500000000009,-21.177,0.0,74.852,98.296,110.0,102.356,97.399,110.0,101.233,70.009,74.783,70.52,-49.278,13.321,-28.101,78.746,70.366,75.552
2025-11-01,2780,105.043,90.486,,,97.764,True,70.747,10.844585838103734,63.858,0.7665000000000223,1.5329999999999941,0.0,95.74666666666667,4.44922834757769,90.88,-1.9229999999999987,-3.8460000000000036,0.0,91.15499999999999,15.51414728562289,72.002,-9.730499999999997,-19.461,0.0,83.193,1.0009125835955885,82.38,-1.1114999999999906,-2.222999999999999,0.0,-12.893666666666666,29.249099249188664,-10.171,-15.8305,-31.660999999999998,0.0,97.764,90.88,101.634,94.726,72.002,110.0,91.463,82.38,82.596,84.603,-10.171,-50.0,21.49,63.858,86.058,62.325
2025-12-01,2780,96.781,89.807,77.007,13.339,62.564,True,82.56,14.061323124087577,97.764,5.853000000000011,11.705999999999989,0.0,99.18566666666668,6.035638288992772,105.043,1.704500000000018,3.409000000000006,0.0,90.82933333333334,15.514518132668153,90.486,-9.756999999999993,-19.513999999999996,0.0,82.488,0.10800000000000409,82.38,-0.2160000000000224,-0.21600000000000819,1.0,-30.0855,19.9145,-10.171,39.829,39.829,1.0,62.564,105.043,90.88,101.634,90.486,72.002,110.0,,82.38,82.596,,-10.171,-50.0,97.764,63.858,86.058
2026-01-01,2780,97.827,101.123,24.472,34.066,47.339,True,74.72866666666665,16.297004741840002,62.564,-0.647000000000004,-1.293999999999997,0.0,97.568,5.808738761555734,96.781,2.9505000000000092,5.9010000000000105,0.0,84.09833333333334,8.55788993982876,89.807,8.902500000000002,17.805000000000007,0.0,79.6935,2.6864999999999952,77.007,-5.3729999999999905,-5.3729999999999905,1.0,1.5840000000000005,11.754999999999999,13.339,23.509999999999998,23.509999999999998,1.0,47.339,96.781,105.043,90.88,89.807,90.486,72.002,77.007,,82.38,13.339,,-10.171,62.564,97.764,63.858
2026-02-01,2780,95.894,85.615,72.023,8.243,61.322,True,69.22233333333334,21.117452629414267,47.339,-25.212500000000002,-50.425,0.0,99.88366666666667,3.673106708072732,97.827,-3.608000000000002,-7.216000000000008,0.0,93.80533333333334,5.181791474855863,101.123,5.318500000000012,10.637,0.0,50.73950000000001,26.267500000000002,24.472,-52.535,-52.535000000000004,1.0,23.7025,10.363500000000002,34.066,20.727,20.727000000000004,1.0,61.322,97.827,96.781,105.043,101.123,89.807,90.486,24.472,77.007,,34.066,13.339,,47.339,62.564,97.764
2025-11-01,3531,92.279,97.098,95.439,-24.666,77.37,True,72.02866666666667,13.689668156030017,56.834,-16.591,-33.182,0.0,93.226,2.133721787550255,93.153,1.2515000000000103,2.503,0.0,96.794,5.317415224210601,101.595,6.107000000000011,12.213999999999999,0.0,85.26599999999999,6.914999999999999,78.351,-13.830000000000005,-13.829999999999998,1.0,28.139,17.622999999999998,45.762,35.245999999999995,35.246,1.0,77.37,93.153,95.875,90.65,101.595,99.406,89.381,78.351,92.181,,45.762,10.516,,56.834,69.236,90.016
2025-12-01,3531,96.79,100.031,86.864,3.744,69.985,True,67.81333333333333,8.443925206258573,77.37,4.066999999999992,8.134,0.0,93.769,1.531316644808208,92.279,-1.79799999999999,-3.5960000000000036,0.0,99.36633333333333,1.8361068112237433,97.098,-1.153999999999982,-2.308000000000007,0.0,88.657,7.407827751777168,95.439,1.629000000000008,3.2579999999999956,0.0,10.537333333333333,28.752114557986086,-24.666,-17.591000000000005,-35.182,0.0,69.985,92.279,93.153,95.875,97.098,101.595,99.406,95.439,78.351,92.181,-24.666,45.762,10.516,77.37,56.834,69.236
2026-01-01,3531,81.834,83.453,,,82.644,True,68.063,8.493228165230619,69.985,6.575500000000006,13.150999999999996,0.0,94.07400000000001,1.953366495736701,96.79,1.8185000000000011,3.6370000000000005,0.0,99.57466666666666,1.8640336787610778,100.031,-0.7819999999999777,-1.563999999999993,0.0,86.88466666666666,6.976162093555133,86.864,4.256500000000013,8.513000000000005,0.0,8.28,28.930459934124794,3.744,-21.009,-42.018,0.0,82.644,96.79,92.279,93.153,100.031,97.098,101.595,86.864,95.439,78.351,3.744,-24.666,45.762,69.985,77.37,56.834
2026-02-01,3531,90.578,90.712,87.119,11.522,64.222,True,76.66633333333334,5.191912321635987,82.644,2.637000000000001,5.274000000000001,0.0,90.301,6.263909694964214,81.834,-5.222499999999984,-10.444999999999993,0.0,93.52733333333333,7.223561740735814,83.453,-6.822499999999998,-13.644999999999996,0.0,91.1515,4.287499999999994,86.864,-8.574999999999996,-8.574999999999989,1.0,-10.461,14.205,3.744,28.41,28.41,1.0,64.222,81.834,96.79,92.279,83.453,100.031,97.098,,86.864,95.439,,3.744,-24.666,82.644,69.985,77.37
2025-11-01,3548,97.946,101.963,86.798,15.399,67.827,True,74.05466666666666,14.376120114813855,61.879,-16.181999999999995,-32.364,0.0,96.24666666666667,3.5012414306293604,101.192,3.816000000000007,7.631999999999991,0.0,95.06400000000001,1.4810768604858668,96.943,1.0084999999999942,2.016999999999996,0.0,80.696,6.6569999999999965,87.353,13.314,13.313999999999993,1.0,17.576999999999998,20.396,37.973,40.79199999999999,40.792,1.0,67.827,101.192,93.988,93.56,96.943,93.323,94.926,87.353,74.039,,37.973,-2.819,,61.879,66.042,94.243
2025-12-01,3548,102.608,95.267,84.357,1.201,70.258,True,65.24933333333333,2.49210972649458,67.827,0.8924999999999955,1.7849999999999966,0.0,97.70866666666666,2.945804851347456,97.946,1.979000000000013,3.9579999999999984,0.0,97.40966666666667,3.542666917576205,101.963,4.320000000000021,8.64,0.0,82.73,6.149640477296212,86.798,6.3795,12.759,0.0,16.851,16.684884256915495,15.399,9.109000000000002,18.218,0.0,70.258,97.946,101.192,93.988,101.963,96.943,93.323,86.798,87.353,74.039,15.399,37.973,-2.819,67.827,61.879,66.042
2026-01-01,3548,100.141,110.0,94.481,27.028,69.398,True,66.65466666666667,3.519723884372497,70.258,4.189500000000006,8.378999999999998,0.0,100.582,1.9515183832083176,102.608,0.7080000000000263,1.416000000000011,0.0,98.05766666666666,2.8449915446076255,95.267,-0.8379999999999792,-1.676000000000002,0.0,86.16933333333334,1.3013890869204154,84.357,-1.4979999999999951,-2.995999999999995,0.0,18.191,15.141365944546306,1.201,-18.385999999999996,-36.772,0.0,69.398,102.608,97.946,101.192,95.267,101.963,96.943,84.357,86.798,87.353,1.201,15.399,37.973,70.258,67.827,61.879
2026-02-01,3548,95.407,90.138,91.244,13.205,65.896,True,69.16099999999999,1.006501200529172,69.398,0.7855000000000195,1.570999999999998,0.0,100.23166666666667,1.9043330124277715,100.141,1.0975000000000203,2.1950000000000074,0.0,102.41000000000001,6.023021334845164,110.0,4.018500000000018,8.037000000000006,0.0,88.54533333333332,4.313832351350193,94.481,3.841499999999994,7.682999999999993,0.0,14.542666666666667,10.561201394201744,27.028,5.8145,11.629,0.0,65.896,100.141,102.608,97.946,110.0,95.267,101.963,94.481,84.357,86.798,27.028,1.201,15.399,69.398,70.258,67.827
2025-11-01,3886,110.0,90.625,77.855,6.966,67.878,True,74.167,6.529818731532035,71.362,1.7060000000000095,3.411999999999992,0.0,106.90433333333334,4.056325951180723,110.0,0.23050000000001525,0.4609999999999985,0.0,103.122,9.557757477567637,110.0,0.12000000000003234,0.23999999999999488,0.0,83.10333333333334,7.24926811631507,83.113,4.446500000000021,8.893,0.0,-3.539333333333333,32.894355588087684,17.663,-2.0279999999999982,-4.056000000000001,0.0,67.878,110.0,101.174,109.539,110.0,89.606,109.76,83.113,91.977,74.22,17.663,-50.0,21.719,71.362,83.189,67.95
2025-12-01,3886,107.625,95.516,84.766,21.238,66.667,True,74.14299999999999,6.5527170446057434,67.878,-7.655499999999998,-15.310999999999993,0.0,107.05799999999999,4.160616300501642,110.0,4.413000000000007,8.825999999999993,0.0,96.74366666666667,9.382869864220057,90.625,0.5095000000000137,1.0190000000000055,0.0,84.315,5.827596645845238,77.855,-7.0609999999999795,-14.122,0.0,-8.457,29.69817153743083,6.966,28.483000000000008,56.966,0.0,66.667,110.0,110.0,101.174,90.625,110.0,89.606,77.855,83.113,91.977,6.966,17.663,-50.0,67.878,71.362,83.189
2026-01-01,3886,100.958,78.444,77.066,17.165,59.826,True,68.63566666666667,1.990192676322792,66.667,-2.347499999999982,-4.694999999999993,0.0,109.20833333333333,1.1195857368787003,107.625,-1.1874999999999922,-2.375,0.0,98.71366666666667,8.226642098828794,95.516,-7.241999999999983,-14.483999999999995,0.0,81.91133333333335,2.9465779398406475,84.766,0.8265000000000067,1.6530000000000058,0.0,15.289000000000001,6.0635194950347655,21.238,1.787500000000002,3.5749999999999993,0.0,59.826,107.625,110.0,110.0,95.516,90.625,110.0,84.766,77.855,83.113,21.238,6.966,17.663,66.667,67.878,71.362
2026-02-01,3886,107.298,106.093,82.416,11.648,71.04,True,64.79033333333334,3.544957388867868,59.826,-4.025999999999992,-8.052,0.0,106.19433333333332,3.827492332527338,100.958,-4.5209999999999795,-9.042000000000002,0.0,88.19500000000001,7.178299287900072,78.444,-6.0904999999999925,-12.180999999999997,0.0,79.89566666666667,3.4588765356527102,77.066,-0.394500000000002,-0.7890000000000015,0.0,15.123,6.002767084159327,17.165,5.099500000000002,10.198999999999998,0.0,71.04,100.958,107.625,110.0,78.444,95.516,90.625,77.066,84.766,77.855,17.165,21.238,6.966,59.826,66.667,67.878
2025-11-01,4291,104.33,0.0,,,52.165,False,52.165,0.0,52.165,3.1776437161565094e-15,0.0,0.0,104.33,0.0,104.33,6.355287432313019e-15,0.0,0.0,0.0,0.0,0.0,0.0,0.0,0.0,0.0,0.0,0.0,0.0,0.0,3.0,0.0,0.0,0.0,0.0,0.0,3.0,52.165,104.33,104.33,104.33,0.0,0.0,0.0,,,,,,,52.165,52.165,52.165
2025-12-01,4291,104.97024761802011,0.0,,,52.485,True,52.165,0.0,52.165,3.1776437161565094e-15,0.0,0.0,104.33,0.0,104.33,6.355287432313019e-15,0.0,0.0,0.0,0.0,0.0,0.0,0.0,0.0,0.0,0.0,0.0,0.0,0.0,3.0,0.0,0.0,0.0,0.0,0.0,3.0,52.485,104.33,104.33,104.33,0.0,0.0,0.0,,,,,,,52.165,52.165,52.165
2026-01-01,4291,104.08928114288477,45.17916813648488,,,74.634,True,52.27166666666667,0.15084944665313027,52.485,0.1599999999999976,0.3200000000000003,0.0,104.54341587267338,0.3018156215603704,104.97024761802011,0.32012380901006093,0.640247618020112,0.0,0.0,0.0,0.0,0.0,0.0,0.0,0.0,0.0,0.0,0.0,0.0,3.0,0.0,0.0,0.0,0.0,0.0,3.0,74.634,104.97024761802011,104.33,104.33,0.0,0.0,0.0,,,,,,,52.485,52.165,52.165
2026-02-01,4291,104.11920243787473,8.854867447875046,,,56.487,True,59.76133333333333,10.51737484144953,74.634,11.234500000000015,22.469,0.0,104.46317625363497,0.3717771899738501,104.08928114288477,-0.12035942855758738,-0.24071885711522611,0.0,15.059722712161628,21.297664105117104,45.17916813648488,22.58958406824245,45.17916813648488,0.0,0.0,0.0,0.0,0.0,0.0,3.0,0.0,0.0,0.0,0.0,0.0,3.0,56.487,104.08928114288477,104.97024761802011,104.33,45.17916813648488,0.0,0.0,,,,,,,74.634,52.485,52.165
2025-11-01,4292,105.23,0.0,,,52.615,False,52.615,0.0,52.615,1.2710574864626037e-14,0.0,0.0,105.23,0.0,105.23,2.5421149729252075e-14,0.0,0.0,0.0,0.0,0.0,0.0,0.0,0.0,0.0,0.0,0.0,0.0,0.0,3.0,0.0,0.0,0.0,0.0,0.0,3.0,52.615,105.23,105.23,105.23,0.0,0.0,0.0,,,,,,,52.615,52.615,52.615
2025-12-01,4292,105.49358650717654,0.0,,,52.747,True,52.615,0.0,52.615,1.2710574864626037e-14,0.0,0.0,105.23,0.0,105.23,2.5421149729252075e-14,0.0,0.0,0.0,0.0,0.0,0.0,0.0,0.0,0.0,0.0,0.0,0.0,0.0,3.0,0.0,0.0,0.0,0.0,0.0,3.0,52.747,105.23,105.23,105.23,0.0,0.0,0.0,,,,,,,52.615,52.615,52.615
2026-01-01,4292,104.88788840733912,0.0,,,52.444,True,52.659,0.06222539674441519,52.747,0.06600000000000476,0.1319999999999979,0.0,105.31786216905886,0.12425587110253908,105.49358650717654,0.1317932535882871,0.26358650717654086,0.0,0.0,0.0,0.0,0.0,0.0,0.0,0.0,0.0,0.0,0.0,0.0,3.0,0.0,0.0,0.0,0.0,0.0,3.0,52.444,105.49358650717654,105.23,105.23,0.0,0.0,0.0,,,,,,,52.747,52.615,52.615
2026-02-01,4292,105.81657956522768,33.78207141415705,,,69.799,True,52.602,0.12404031602668437,52.444,-0.08549999999998437,-0.17099999999999937,0.0,105.20382497150523,0.24796692806930792,104.88788840733912,-0.17105579633043613,-0.34211159266088487,0.0,0.0,0.0,0.0,0.0,0.0,0.0,0.0,0.0,0.0,0.0,0.0,3.0,0.0,0.0,0.0,0.0,0.0,3.0,69.799,104.88788840733912,105.49358650717654,105.23,0.0,0.0,0.0,,,,,,,52.444,52.747,52.615
2025-11-01,4302,106.58,0.0,,,53.29,False,35.31733333333333,15.737301427570808,53.29,19.16350000000001,38.327,0.0,106.58,0.0,106.58,2.5421149729252075e-14,0.0,0.0,52.68711685666667,40.258105029789675,0.0,-48.857758619999984,-97.71551724,0.0,-20.97222222,23.47222222,2.5,46.94444443999999,46.94444444,1.0,59.31512434,40.68487566,18.63024868,-81.36975132,-81.36975132,1.0,53.29,106.58,106.58,106.58,0.0,60.34583333,97.71551724,,2.5,-44.44444444,,18.63024868,100.0,53.29,37.699,14.963
2025-12-01,4302,106.58,0.0,,,53.29,False,48.092999999999996,7.349667883652975,53.29,7.7955000000000085,15.591000000000001,0.0,106.58,0.0,106.58,2.5421149729252075e-14,0.0,0.0,20.115277776666666,28.447298642664116,0.0,-30.172916665,-60.34583333,0.0,2.5,0.0,2.5,0.0,0.0,2.0,18.63024868,0.0,18.63024868,0.0,0.0,2.0,53.29,106.58,106.58,106.58,0.0,0.0,60.34583333,,,2.5,,,18.63024868,53.29,53.29,37.699
2026-01-01,4302,106.58,0.0,,,53.29,False,53.29,0.0,53.29,1.2710574864626037e-14,0.0,0.0,106.58,0.0,106.58,2.5421149729252075e-14,0.0,0.0,0.0,0.0,0.0,0.0,0.0,0.0,0.0,0.0,0.0,0.0,0.0,3.0,0.0,0.0,0.0,0.0,0.0,3.0,53.29,106.58,106.58,106.58,0.0,0.0,0.0,,,,,,,53.29,53.29,53.29
2026-02-01,4302,106.58,0.0,,,53.29,False,53.29,0.0,53.29,1.2710574864626037e-14,0.0,0.0,106.58,0.0,106.58,2.5421149729252075e-14,0.0,0.0,0.0,0.0,0.0,0.0,0.0,0.0,0.0,0.0,0.0,0.0,0.0,3.0,0.0,0.0,0.0,0.0,0.0,3.0,53.29,106.58,106.58,106.58,0.0,0.0,0.0,,,,,,,53.29,53.29,53.29
2025-11-01,4304,99.56,101.25,87.5,100.0,47.078,False,82.94866666666667,16.830355538596194,67.05,-19.593999999999994,-39.188,0.0,99.56,0.0,99.56,1.2710574864626037e-14,0.0,0.0,79.67288012666667,33.083413688965614,34.53947368,-39.18859650999999,-78.37719301999999,0.0,100.0,0.0,100.0,0.0,0.0,2.0,-11.11111111,0.0,-11.11111111,0.0,0.0,2.0,47.078,99.56,99.56,99.56,34.53947368,91.5625,112.9166667,,100.0,,,-11.11111111,,67.05,75.558,106.238
2025-12-01,4304,99.56,72.55263158,100.0,0.0,68.028,False,63.22866666666667,11.93676509314349,47.078,-14.239999999999998,-28.480000000000004,0.0,99.56,0.0,99.56,1.2710574864626037e-14,0.0,0.0,75.78399122666667,29.431214549697298,101.25,4.843750000000013,9.6875,0.0,93.75,6.25,87.5,-12.500000000000014,-12.5,1.0,44.444444445,55.555555555,100.0,111.11111110999997,111.11111111,1.0,68.028,99.56,99.56,99.56,101.25,34.53947368,91.5625,87.5,,100.0,100.0,,-11.11111111,47.078,67.05,75.558
2026-01-01,4304,99.56,120.0,25.0,100.0,36.14,False,60.71866666666667,9.6536680881184,68.028,0.48900000000001537,0.9780000000000086,0.0,99.56,0.0,99.56,1.2710574864626037e-14,0.0,0.0,69.44736842,27.32283019677248,72.55263158,19.00657895000001,38.013157899999996,0.0,93.75,6.25,100.0,12.499999999999993,12.5,1.0,50.0,50.0,0.0,-100.0,-100.0,1.0,36.14,99.56,99.56,99.56,72.55263158,101.25,34.53947368,100.0,87.5,,0.0,100.0,,68.028,47.078,67.05
2026-02-01,4304,99.56,99.43661972,0.0,100.0,24.749,False,50.415333333333336,13.230381232434523,36.14,-5.468999999999998,-10.938000000000002,0.0,99.56,0.0,99.56,1.2710574864626037e-14,0.0,0.0,97.93421052666667,19.511689442817,120.0,9.374999999999998,18.75,0.0,70.83333333333333,32.80836614171588,25.0,-31.249999999999993,-62.5,0.0,66.66666666666667,47.14045207910317,100.0,3.1776437161565094e-15,0.0,0.0,24.749,99.56,99.56,99.56,120.0,72.55263158,101.25,25.0,100.0,87.5,100.0,0.0,100.0,36.14,68.028,47.078
2025-11-01,4309,101.5,60.72916667,50.0,50.66666667,40.391,False,53.98233333333334,5.199272406361831,46.677,-5.117499999999995,-10.235,0.0,101.5,0.0,101.5,6.355287432313019e-15,0.0,0.0,50.358587050000004,20.632719430051196,48.35639538,11.103485045000012,22.206970090000002,0.0,81.43668831000001,14.348799060335935,65.05681818,-17.47159090999999,-34.94318182000001,0.0,17.36547809,12.405098440076614,28.20688084,14.103440420000002,28.20688084,0.0,40.391,101.5,101.5,101.5,48.35639538,76.56994048,26.14942529,65.05681818,79.25324675,100.0,28.20688084,23.88955343,0.0,46.677,58.358,56.912
2025-12-01,4309,101.5,43.11006289,75.92592593,29.98746867,47.637,False,48.47533333333333,7.444406147496849,40.391,-8.983500000000001,-17.967,0.0,101.5,0.0,101.5,6.355287432313019e-15,0.0,0.0,61.885167509999995,11.547100219939608,60.72916667,-7.920386904999991,-15.840773810000002,0.0,64.77002164333334,11.944309678508827,50.0,-14.626623374999994,-29.253246750000002,0.0,34.25436698,11.738327956657338,50.66666667,13.38855662,26.77711324,0.0,47.637,101.5,101.5,101.5,60.72916667,48.35639538,76.56994048,50.0,65.05681818,79.25324675,50.66666667,28.20688084,23.88955343,40.391,46.677,58.358
2026-01-01,4309,101.5,64.23519737,75.0,13.63636364,56.775,False,44.901666666666664,3.213511613311658,47.637,0.4799999999999991,0.9600000000000009,0.0,101.5,0.0,101.5,6.355287432313019e-15,0.0,0.0,50.73187497999999,7.3864913637493075,43.11006289,-2.6231662449999997,-5.24633249,0.0,63.66091470333333,10.630140128241935,75.92592593,5.434553875000003,10.869107750000012,0.0,36.28700539333333,10.193907235168666,29.98746867,0.8902939150000102,1.7805878299999982,0.0,56.775,101.5,101.5,101.5,43.11006289,60.72916667,48.35639538,75.92592593,50.0,65.05681818,29.98746867,50.66666667,28.20688084,47.637,40.391,46.677
2026-02-01,4309,101.5,59.40789474,40.0,66.0,33.727,False,48.26766666666666,6.703589552537424,56.775,8.192000000000005,16.384,0.0,101.5,0.0,101.5,6.355287432313019e-15,0.0,0.0,56.02480897666667,9.243594635553116,64.23519737,1.7530153499999979,3.5060306999999966,0.0,66.97530864333334,12.009306456779875,75.0,12.500000000000005,25.0,0.0,31.430166326666665,15.151938666274589,13.63636364,-18.515151515,-37.03030303,0.0,33.727,101.5,101.5,101.5,64.23519737,43.11006289,60.72916667,75.0,75.92592593,50.0,13.63636364,29.98746867,50.66666667,56.775,47.637,40.391
2025-11-01,4311,101.56,0.0,,,50.78,False,50.78,0.0,50.78,6.355287432313019e-15,0.0,0.0,101.56,0.0,101.56,1.2710574864626037e-14,0.0,0.0,0.0,0.0,0.0,0.0,0.0,0.0,0.0,0.0,0.0,0.0,0.0,3.0,0.0,0.0,0.0,0.0,0.0,3.0,50.78,101.56,101.56,101.56,0.0,0.0,0.0,,,,,,,50.78,50.78,50.78
2025-12-01,4311,101.56,0.0,,,50.78,False,50.78,0.0,50.78,6.355287432313019e-15,0.0,0.0,101.56,0.0,101.56,1.2710574864626037e-14,0.0,0.0,0.0,0.0,0.0,0.0,0.0,0.0,0.0,0.0,0.0,0.0,0.0,3.0,0.0,0.0,0.0,0.0,0.0,3.0,50.78,101.56,101.56,101.56,0.0,0.0,0.0,,,,,,,50.78,50.78,50.78
2026-01-01,4311,101.56,0.0,,,50.78,False,50.78,0.0,50.78,6.355287432313019e-15,0.0,0.0,101.56,0.0,101.56,1.2710574864626037e-14,0.0,0.0,0.0,0.0,0.0,0.0,0.0,0.0,0.0,0.0,0.0,0.0,0.0,3.0,0.0,0.0,0.0,0.0,0.0,3.0,50.78,101.56,101.56,101.56,0.0,0.0,0.0,,,,,,,50.78,50.78,50.78
2026-02-01,4311,101.56,0.0,,,50.78,False,50.78,0.0,50.78,6.355287432313019e-15,0.0,0.0,101.56,0.0,101.56,1.2710574864626037e-14,0.0,0.0,0.0,0.0,0.0,0.0,0.0,0.0,0.0,0.0,0.0,0.0,0.0,3.0,0.0,0.0,0.0,0.0,0.0,3.0,50.78,101.56,101.56,101.56,0.0,0.0,0.0,,,,,,,50.78,50.78,50.78
2025-11-01,4313,100.78,0.0,,,50.39,False,50.39000000000001,7.105427357601002e-15,50.39,3.1776437161565094e-15,0.0,0.0,100.78000000000002,1.4210854715202004e-14,100.78,6.355287432313019e-15,0.0,0.0,0.0,0.0,0.0,0.0,0.0,0.0,0.0,0.0,0.0,0.0,0.0,3.0,0.0,0.0,0.0,0.0,0.0,3.0,50.39,100.78,100.78,100.78,0.0,0.0,0.0,,,,,,,50.39,50.39,50.39
2025-12-01,4313,100.78,0.0,,,50.39,False,50.39000000000001,7.105427357601002e-15,50.39,3.1776437161565094e-15,0.0,0.0,100.78000000000002,1.4210854715202004e-14,100.78,6.355287432313019e-15,0.0,0.0,0.0,0.0,0.0,0.0,0.0,0.0,0.0,0.0,0.0,0.0,0.0,3.0,0.0,0.0,0.0,0.0,0.0,3.0,50.39,100.78,100.78,100.78,0.0,0.0,0.0,,,,,,,50.39,50.39,50.39
2026-01-01,4313,100.78,0.0,,,50.39,False,50.39000000000001,7.105427357601002e-15,50.39,3.1776437161565094e-15,0.0,0.0,100.78000000000002,1.4210854715202004e-14,100.78,6.355287432313019e-15,0.0,0.0,0.0,0.0,0.0,0.0,0.0,0.0,0.0,0.0,0.0,0.0,0.0,3.0,0.0,0.0,0.0,0.0,0.0,3.0,50.39,100.78,100.78,100.78,0.0,0.0,0.0,,,,,,,50.39,50.39,50.39
2026-02-01,4313,100.78,0.0,,,50.39,False,50.39000000000001,7.105427357601002e-15,50.39,3.1776437161565094e-15,0.0,0.0,100.78000000000002,1.4210854715202004e-14,100.78,6.355287432313019e-15,0.0,0.0,0.0,0.0,0.0,0.0,0.0,0.0,0.0,0.0,0.0,0.0,0.0,3.0,0.0,0.0,0.0,0.0,0.0,3.0,50.39,100.78,100.78,100.78,0.0,0.0,0.0,,,,,,,50.39,50.39,50.39
2025-11-01,4319,85.692,93.516,74.788,-12.712,66.677,True,57.92600000000001,1.5197166402545788,55.902,-1.8309999999999893,-3.661999999999999,0.0,93.25133333333333,11.030048362944239,87.102,-10.819499999999989,-21.638999999999996,0.0,84.06333333333333,8.19563104478369,86.652,-2.9505000000000026,-5.900999999999996,0.0,75.69866666666667,5.6989824432865985,79.436,-0.288999999999989,-0.5779999999999887,0.0,21.308666666666664,21.925413205278986,29.58,-6.736499999999987,-13.472999999999999,0.0,66.677,87.102,83.911,108.741,86.652,72.985,92.553,79.436,67.646,80.014,29.58,-8.707,43.053,55.902,58.312,59.564
2025-12-01,4319,94.838,87.873,63.811,-45.002,72.881,True,60.297000000000004,4.617382014374238,66.677,4.182500000000011,8.365000000000009,0.0,85.56833333333333,1.305651901882309,85.692,0.8905000000000056,1.7809999999999917,0.0,84.38433333333334,8.533745732222297,93.516,10.265500000000005,20.531000000000006,0.0,73.95666666666666,4.849010987361812,74.788,3.5709999999999944,7.141999999999996,0.0,2.7203333333333326,19.06290072948559,-12.712,-2.0025000000000017,-4.004999999999999,0.0,72.881,85.692,87.102,83.911,93.516,86.652,72.985,74.788,79.436,67.646,-12.712,29.58,-8.707,66.677,55.902,58.312
2026-01-01,4319,81.829,78.284,,,80.056,True,65.15333333333334,7.014878489483779,72.881,8.489500000000005,16.979,0.0,89.21066666666665,4.020546010459551,94.838,3.868000000000003,7.73599999999999,0.0,89.347,2.9897749079153115,87.873,0.6105000000000107,1.2210000000000036,0.0,72.67833333333333,6.550988542875718,63.811,-7.812499999999988,-15.625000000000007,0.0,-9.378000000000002,30.539104418215455,-45.002,-37.291,-74.582,0.0,80.056,94.838,85.692,87.102,87.873,93.516,86.652,63.811,74.788,79.436,-45.002,-12.712,29.58,72.881,66.677,55.902
2026-02-01,4319,92.942,96.686,93.479,-50.0,83.277,True,73.20466666666665,5.466746767705834,80.056,6.689500000000005,13.37899999999999,0.0,87.45299999999999,5.454928108294982,81.829,-1.9314999999999944,-3.8629999999999995,0.0,86.55766666666666,6.287608572068998,78.284,-7.616,-15.232,0.0,69.2995,5.488499999999998,63.811,-10.977000000000011,-10.976999999999997,1.0,-28.857,16.145000000000003,-45.002,-32.28999999999999,-32.290000000000006,1.0,83.277,81.829,94.838,85.692,78.284,87.873,93.516,,63.811,74.788,,-45.002,-12.712,80.056,72.881,66.677
2025-11-01,4324,104.92,48.59375,100.0,0.0,63.378,False,62.492999999999995,5.935562371558962,61.718,3.0380000000000087,6.0760000000000005,0.0,104.92,0.0,104.92,0.0,0.0,0.0,52.343951023333325,33.388764073133274,41.95175439,12.150877195000005,24.30175439,0.0,100.0,0.0,100.0,1.2710574864626037e-14,0.0,0.0,7.291666666666667,10.311973892303817,0.0,3.9720546451956367e-16,0.0,0.0,63.378,104.92,104.92,104.92,41.95175439,97.43009868,17.65,100.0,100.0,100.0,0.0,21.875,0.0,61.718,70.119,55.642
2025-12-01,4324,104.92,3.90625,85.71428571,2.816901408,47.931,False,65.07166666666666,3.63277491121533,63.378,-3.3704999999999923,-6.741,0.0,104.92,0.0,104.92,0.0,0.0,0.0,62.65853435666667,24.736279571237002,48.59375,-24.41817433999999,-48.83634868,0.0,100.0,0.0,100.0,1.2710574864626037e-14,0.0,0.0,7.291666666666667,10.311973892303817,0.0,-10.937499999999996,-21.875,0.0,47.931,104.92,104.92,104.92,48.59375,41.95175439,97.43009868,100.0,100.0,100.0,0.0,0.0,21.875,63.378,61.718,70.119
2026-01-01,4324,104.92,0.0,,,52.46,False,57.675666666666665,6.923765658143617,47.931,-6.893500000000001,-13.787000000000006,0.0,104.92,0.0,104.92,0.0,0.0,0.0,31.483918129999996,19.687980445559976,3.90625,-19.022752195000002,-38.04550439,0.0,95.23809523666667,6.734350299035044,85.71428571,-7.14285714500001,-14.285714290000001,0.0,0.938967136,1.3279000583538225,2.816901408,1.4084507040000003,2.816901408,0.0,52.46,104.92,104.92,104.92,3.90625,48.59375,41.95175439,85.71428571,100.0,100.0,2.816901408,0.0,0.0,47.931,63.378,61.718
2026-02-01,4324,104.92,0.0,,,52.46,False,54.589666666666666,6.483520768498822,52.46,-5.458999999999992,-10.918,0.0,104.92,0.0,104.92,0.0,0.0,0.0,17.5,22.044359279454387,0.0,-24.296875,-48.59375,0.0,92.857142855,7.142857145000001,85.71428571,-14.285714290000008,-14.285714290000001,1.0,1.408450704,1.408450704,2.816901408,2.8169014079999997,2.816901408,1.0,52.46,104.92,104.92,104.92,0.0,3.90625,48.59375,,85.71428571,100.0,,2.816901408,0.0,52.46,47.931,63.378
2025-11-01,4327,100.0,0.0,,,50.0,False,50.0,0.0,50.0,6.355287432313019e-15,0.0,0.0,100.0,0.0,100.0,1.2710574864626037e-14,0.0,0.0,0.0,0.0,0.0,0.0,0.0,0.0,0.0,0.0,0.0,0.0,0.0,3.0,0.0,0.0,0.0,0.0,0.0,3.0,50.0,100.0,100.0,100.0,0.0,0.0,0.0,,,,,,,50.0,50.0,50.0
2025-12-01,4327,100.0,0.0,,,50.0,False,50.0,0.0,50.0,6.355287432313019e-15,0.0,0.0,100.0,0.0,100.0,1.2710574864626037e-14,0.0,0.0,0.0,0.0,0.0,0.0,0.0,0.0,0.0,0.0,0.0,0.0,0.0,3.0,0.0,0.0,0.0,0.0,0.0,3.0,50.0,100.0,100.0,100.0,0.0,0.0,0.0,,,,,,,50.0,50.0,50.0
2026-01-01,4327,100.0,38.14102564,,,69.071,False,50.0,0.0,50.0,6.355287432313019e-15,0.0,0.0,100.0,0.0,100.0,1.2710574864626037e-14,0.0,0.0,0.0,0.0,0.0,0.0,0.0,0.0,0.0,0.0,0.0,0.0,0.0,3.0,0.0,0.0,0.0,0.0,0.0,3.0,69.071,100.0,100.0,100.0,0.0,0.0,0.0,,,,,,,50.0,50.0,50.0
2026-02-01,4327,100.0,0.0,,,50.0,False,56.357,8.990155616005763,69.071,9.535500000000004,19.070999999999998,0.0,100.0,0.0,100.0,1.2710574864626037e-14,0.0,0.0,12.713675213333334,17.979851914302653,38.14102564,19.07051282000001,38.14102564,0.0,0.0,0.0,0.0,0.0,0.0,3.0,0.0,0.0,0.0,0.0,0.0,3.0,50.0,100.0,100.0,100.0,38.14102564,0.0,0.0,,,,,,,69.071,50.0,50.0
2025-11-01,4329,117.5,85.0,100.0,0.0,75.625,False,75.36233333333332,5.60804614420705,76.546,-2.5079999999999902,-5.015999999999991,0.0,117.5,0.0,117.5,1.2710574864626037e-14,0.0,0.0,87.24876644999999,18.170073606354258,88.68421053,-10.032894734999996,-20.06578947,0.0,97.77777777666667,3.1426968068448917,100.0,1.9065862296939057e-14,0.0,0.0,1.075819672,1.5214387708101749,0.0,0.0,0.0,0.0,75.625,117.5,117.5,117.5,88.68421053,64.31208882,108.75,100.0,93.33333333,100.0,0.0,3.227459016,0.0,76.546,67.979,81.562
2025-12-01,4329,117.5,120.0,100.0,0.0,84.375,False,73.38333333333334,3.8398936038500993,75.625,3.8230000000000173,7.646000000000001,0.0,117.5,0.0,117.5,1.2710574864626037e-14,0.0,0.0,79.33209978333333,10.726723600781085,85.0,10.343955590000013,20.68791118,0.0,97.77777777666667,3.1426968068448917,100.0,3.3333333349999874,6.666666669999998,0.0,1.075819672,1.5214387708101749,0.0,-1.6137295080000005,-3.227459016,0.0,84.375,117.5,117.5,117.5,85.0,88.68421053,64.31208882,100.0,100.0,93.33333333,0.0,0.0,3.227459016,75.625,76.546,67.979
2026-01-01,4329,117.5,92.17213115,100.0,0.0,77.418,False,78.84866666666666,3.925755157362153,84.375,3.9145,7.8289999999999935,0.0,117.5,0.0,117.5,1.2710574864626037e-14,0.0,0.0,97.89473684333332,15.70297946731669,120.0,15.657894735000028,31.31578947,0.0,100.0,0.0,100.0,1.2710574864626037e-14,0.0,0.0,0.0,0.0,0.0,0.0,0.0,0.0,77.418,117.5,117.5,117.5,120.0,85.0,88.68421053,100.0,100.0,100.0,0.0,0.0,0.0,84.375,75.625,76.546
2026-02-01,4329,117.5,119.7368421,100.0,3.846153846,83.348,False,79.13933333333334,3.773845636600533,77.418,0.8965000000000228,1.7930000000000064,0.0,117.5,0.0,117.5,1.2710574864626037e-14,0.0,0.0,99.05737705,15.095362606390086,92.17213115,3.586065575000011,7.1721311499999985,0.0,100.0,0.0,100.0,1.2710574864626037e-14,0.0,0.0,0.0,0.0,0.0,0.0,0.0,0.0,83.348,117.5,117.5,117.5,92.17213115,120.0,85.0,100.0,100.0,100.0,0.0,0.0,0.0,77.418,84.375,75.625
2025-11-01,4334,105.33,0.0,,,52.665,False,52.665,0.0,52.665,-3.1776437161565094e-15,0.0,0.0,105.33,0.0,105.33,-6.355287432313019e-15,0.0,0.0,0.0,0.0,0.0,0.0,0.0,0.0,0.0,0.0,0.0,0.0,0.0,3.0,0.0,0.0,0.0,0.0,0.0,3.0,52.665,105.33,105.33,105.33,0.0,0.0,0.0,,,,,,,52.665,52.665,52.665
2025-12-01,4334,106.59238732463889,58.25019812469326,,,82.421,True,52.665,0.0,52.665,-3.1776437161565094e-15,0.0,0.0,105.33,0.0,105.33,-6.355287432313019e-15,0.0,0.0,0.0,0.0,0.0,0.0,0.0,0.0,0.0,0.0,0.0,0.0,0.0,3.0,0.0,0.0,0.0,0.0,0.0,3.0,82.421,105.33,105.33,105.33,0.0,0.0,0.0,,,,,,,52.665,52.665,52.665
2026-01-01,4334,103.97811960592476,0.0,,,51.989,True,62.583666666666666,14.027112920657942,82.421,14.878000000000014,29.756000000000007,0.0,105.75079577487963,0.5950950918240703,106.59238732463889,0.6311936623194524,1.262387324638894,0.0,19.416732708231088,27.459406732953678,58.25019812469326,29.125099062346635,58.25019812469326,0.0,0.0,0.0,0.0,0.0,0.0,3.0,0.0,0.0,0.0,0.0,0.0,3.0,51.989,106.59238732463889,105.33,105.33,58.25019812469326,0.0,0.0,,,,,,,82.421,52.665,52.665
2026-02-01,4334,105.97256965218823,37.28671911521355,,,71.63,True,62.35833333333334,14.189131740721686,51.989,-0.33799999999998953,-0.6760000000000019,0.0,105.30016897685455,1.0674787566142712,103.97811960592476,-0.6759401970375906,-1.3518803940752377,0.0,19.416732708231088,27.45940673295368,0.0,0.0,0.0,0.0,0.0,0.0,0.0,0.0,0.0,3.0,0.0,0.0,0.0,0.0,0.0,3.0,71.63,103.97811960592476,106.59238732463889,105.33,0.0,58.25019812469326,0.0,,,,,,,51.989,82.421,52.665
2025-11-01,4340,100.0,25.0,100.0,0.0,56.25,False,67.02,11.838965579813127,75.247,12.48450000000001,24.969,0.0,100.0,0.0,100.0,1.2710574864626037e-14,0.0,0.0,76.73988790366667,53.6621518762401,120.0,59.44444444450001,118.888888889,0.0,95.43534762666667,4.224583764239122,89.81481481,-5.092592594999991,-10.185185189999999,0.0,4.0946524360000005,3.6306780856027396,8.824906367,4.412453183500001,8.824906367,0.0,56.25,100.0,100.0,100.0,120.0,109.1085526,1.111111111,89.81481481,96.49122807,100.0,8.824906367,3.459050941,0.0,75.247,75.535,50.278
2025-12-01,4340,100.0,13.28125,100.0,0.0,53.32,False,69.01066666666667,9.023919929215289,56.25,-9.64249999999999,-19.284999999999997,0.0,100.0,0.0,100.0,1.2710574864626037e-14,0.0,0.0,84.70285086666667,42.449803358966,25.0,-42.0542763,-84.1085526,0.0,95.43534762666667,4.224583764239122,100.0,1.7543859650000098,3.5087719299999947,0.0,4.0946524360000005,3.6306780856027396,0.0,-1.7295254704999998,-3.459050941,0.0,53.32,100.0,100.0,100.0,25.0,120.0,109.1085526,100.0,89.81481481,96.49122807,0.0,8.824906367,3.459050941,56.25,75.247,75.535
2026-01-01,4340,100.0,0.0,,,50.0,False,61.60566666666667,9.719763588803085,53.32,-10.963500000000002,-21.927,0.0,100.0,0.0,100.0,1.2710574864626037e-14,0.0,0.0,52.760416666666664,47.78565649872239,13.28125,-53.35937499999999,-106.71875,0.0,96.60493827,4.801342343659862,100.0,5.092592595000005,10.185185189999999,0.0,2.941635455666667,4.16010075696136,0.0,-4.4124531835,-8.824906367,0.0,50.0,100.0,100.0,100.0,13.28125,25.0,120.0,100.0,100.0,89.81481481,0.0,0.0,8.824906367,53.32,56.25,75.247
2026-02-01,4340,100.0,0.0,,,50.0,False,53.19,2.553207133521812,50.0,-3.1249999999999973,-6.25,0.0,100.0,0.0,100.0,1.2710574864626037e-14,0.0,0.0,12.760416666666666,10.21284976621228,0.0,-12.500000000000002,-25.0,0.0,100.0,0.0,100.0,0.0,0.0,1.0,0.0,0.0,0.0,0.0,0.0,1.0,50.0,100.0,100.0,100.0,0.0,13.28125,25.0,,100.0,100.0,,0.0,0.0,50.0,53.32,56.25
2025-11-01,4360,101.33,86.05263158,50.0,73.33333333,41.012,False,50.30466666666666,3.811513464345742,48.116,0.49150000000000027,0.982999999999997,0.0,101.33,0.0,101.33,1.2710574864626037e-14,0.0,0.0,43.055947159999995,23.454828412004886,61.96546053,2.3815397900000037,4.763079580000003,0.0,50.0,0.0,50.0,0.0,0.0,1.0,20.416666665,0.41666666499999927,20.83333333,0.8333333300000003,0.8333333299999985,1.0,41.012,101.33,101.33,101.33,61.96546053,10.0,57.20238095,50.0,,50.0,20.83333333,,20.0,48.116,55.665,47.133
2025-12-01,4360,101.33,85.17763158,25.0,30.0,45.377,False,48.26433333333333,5.982981660974364,41.012,-7.326499999999993,-14.652999999999999,0.0,101.33,0.0,101.33,1.2710574864626037e-14,0.0,0.0,52.67269737,31.736070728449178,86.05263158,38.026315790000005,76.05263158,0.0,50.0,0.0,50.0,0.0,0.0,1.0,47.08333333,26.250000000000004,73.33333333,52.499999999999986,52.5,1.0,45.377,101.33,101.33,101.33,86.05263158,61.96546053,10.0,50.0,50.0,,73.33333333,20.83333333,,41.012,48.116,55.665
2026-01-01,4360,101.33,88.22649573,83.33333333,1.111111111,67.945,False,44.835,2.92540903122965,45.377,-1.3694999999999955,-2.738999999999997,0.0,101.33,0.0,101.33,1.2710574864626037e-14,0.0,0.0,77.73190789666667,11.15428327816726,85.17763158,11.606085525000001,23.212171049999995,0.0,41.666666666666664,11.785113019775793,25.0,-12.499999999999993,-25.0,0.0,41.38888888666667,22.896034482774954,30.0,4.583333335000002,9.166666670000001,0.0,67.945,101.33,101.33,101.33,85.17763158,86.05263158,61.96546053,25.0,50.0,50.0,30.0,73.33333333,20.83333333,45.377,41.012,48.116
2026-02-01,4360,101.33,80.0,,,90.665,False,51.44466666666667,11.802797869808474,67.945,13.466500000000003,26.932999999999993,0.0,101.33,0.0,101.33,1.2710574864626037e-14,0.0,0.0,86.48558629666667,1.2817905422498483,88.22649573,1.0869320750000122,2.17386415,0.0,52.777777776666674,23.89534796258649,83.33333333,16.666666665000008,33.33333333,0.0,34.814814813666665,29.680511864747015,1.111111111,-36.1111111095,-72.222222219,0.0,90.665,101.33,101.33,101.33,88.22649573,85.17763158,86.05263158,83.33333333,25.0,50.0,1.111111111,30.0,73.33333333,67.945,45.377,41.012
2025-11-01,4361,106.08,59.15064103,100.0,11.11111111,63.53,False,54.05466666666666,19.709416130931483,81.52,18.541500000000006,37.083,0.0,106.08,0.0,106.08,-6.355287432313019e-15,0.0,0.0,71.25,35.10401211637591,120.0,32.500000000000014,65.0,0.0,66.66666666666667,23.570226039551585,100.0,25.000000000000018,50.0,0.0,27.777777776666667,20.786985481780494,0.0,-16.666666665,-33.33333333,0.0,63.53,106.08,106.08,106.08,120.0,38.75,55.0,100.0,50.0,50.0,0.0,50.0,33.33333333,81.52,36.207,44.437
2025-12-01,4361,106.08,70.94236133,100.0,-7.5,71.131,False,60.419000000000004,18.62929114772397,63.53,13.661500000000006,27.323,0.0,106.08,0.0,106.08,-6.355287432313019e-15,0.0,0.0,72.63354701,34.51311045819293,59.15064103,10.200320515000012,20.400641030000003,0.0,83.33333333333333,23.570226039551585,100.0,25.000000000000004,50.0,0.0,20.37037037,21.436735005327062,11.11111111,-19.444444445000002,-38.888888890000004,0.0,71.131,106.08,106.08,106.08,59.15064103,120.0,38.75,100.0,100.0,50.0,11.11111111,0.0,50.0,63.53,81.52,36.207
2026-01-01,4361,106.08,99.38568376,83.33333333,-15.27777778,76.019,False,72.06033333333333,7.373726797820004,71.131,-5.1945,-10.388999999999996,0.0,106.08,0.0,106.08,-6.355287432313019e-15,0.0,0.0,83.36433412000001,26.34881626388056,70.94236133,-24.52881933499998,-49.05763867,0.0,100.0,0.0,100.0,1.2710574864626037e-14,0.0,0.0,1.203703703333333,7.645479760017468,-7.5,-3.7500000000000004,-7.5,0.0,76.019,106.08,106.08,106.08,70.94236133,59.15064103,120.0,100.0,100.0,100.0,-7.5,11.11111111,0.0,71.131,63.53,81.52
2026-02-01,4361,106.08,117.5,100.0,-11.11111111,83.673,False,70.22666666666667,5.138556498559581,76.019,6.244499999999995,12.489000000000004,0.0,106.08,0.0,106.08,-6.355287432313019e-15,0.0,0.0,76.49289537333334,16.888279703113305,99.38568376,20.117521365000005,40.23504273,0.0,94.44444444333334,7.856742014755209,83.33333333,-8.33333333499998,-16.666666669999998,0.0,-3.88888889,11.071689326047325,-15.27777778,-13.194444445000002,-26.388888889999997,0.0,83.673,106.08,106.08,106.08,99.38568376,70.94236133,59.15064103,83.33333333,100.0,100.0,-15.27777778,-7.5,11.11111111,76.019,71.131,63.53
2025-11-01,4362,103.08,0.0,,,51.54,False,51.54,0.0,51.54,6.355287432313019e-15,0.0,0.0,103.08,0.0,103.08,1.2710574864626037e-14,0.0,0.0,0.0,0.0,0.0,0.0,0.0,0.0,0.0,0.0,0.0,0.0,0.0,3.0,0.0,0.0,0.0,0.0,0.0,3.0,51.54,103.08,103.08,103.08,0.0,0.0,0.0,,,,,,,51.54,51.54,51.54
2025-12-01,4362,103.08,0.0,,,51.54,False,51.54,0.0,51.54,6.355287432313019e-15,0.0,0.0,103.08,0.0,103.08,1.2710574864626037e-14,0.0,0.0,0.0,0.0,0.0,0.0,0.0,0.0,0.0,0.0,0.0,0.0,0.0,3.0,0.0,0.0,0.0,0.0,0.0,3.0,51.54,103.08,103.08,103.08,0.0,0.0,0.0,,,,,,,51.54,51.54,51.54
2026-01-01,4362,103.08,0.0,,,51.54,False,51.54,0.0,51.54,6.355287432313019e-15,0.0,0.0,103.08,0.0,103.08,1.2710574864626037e-14,0.0,0.0,0.0,0.0,0.0,0.0,0.0,0.0,0.0,0.0,0.0,0.0,0.0,3.0,0.0,0.0,0.0,0.0,0.0,3.0,51.54,103.08,103.08,103.08,0.0,0.0,0.0,,,,,,,51.54,51.54,51.54
2026-02-01,4362,103.08,0.0,,,51.54,False,51.54,0.0,51.54,6.355287432313019e-15,0.0,0.0,103.08,0.0,103.08,1.2710574864626037e-14,0.0,0.0,0.0,0.0,0.0,0.0,0.0,0.0,0.0,0.0,0.0,0.0,0.0,3.0,0.0,0.0,0.0,0.0,0.0,3.0,51.54,103.08,103.08,103.08,0.0,0.0,0.0,,,,,,,51.54,51.54,51.54
2025-11-01,4366,101.58,76.34868421,100.0,100.0,44.482,False,25.65466666666666,14.649216596422105,5.395,-13.32,-26.639999999999997,0.0,101.58,0.0,101.58,1.9065862296939057e-14,0.0,0.0,92.54434011333335,27.40155269793972,120.0,32.43348983000001,64.86697966,0.0,-8.333333333333334,65.61673228343176,-100.0,-62.50000000000002,-125.0,0.0,83.17147034333333,20.995820259713213,100.0,23.21428571500001,46.42857143,0.0,44.482,101.58,101.58,101.58,120.0,102.5,55.13302034,-100.0,50.0,25.0,100.0,95.94298246,53.57142857,5.395,39.534,32.035
2025-12-01,4366,101.58,81.70762929,-8.333333333,100.0,18.739,False,29.80366666666667,17.377340270849533,44.482,2.474000000000006,4.948,0.0,101.58,0.0,101.58,1.9065862296939057e-14,0.0,0.0,99.61622806999999,17.936860519755918,76.34868421,-13.075657894999985,-26.151315789999998,0.0,16.666666666666668,84.98365855987974,100.0,25.00000000000001,50.0,0.0,98.64766082,1.912496409284512,100.0,2.02850877000001,4.057017540000004,0.0,18.739,101.58,101.58,101.58,76.34868421,120.0,102.5,100.0,-100.0,50.0,100.0,100.0,95.94298246,44.482,5.395,39.534
2026-01-01,4366,101.58,120.0,-287.5,100.0,0.0,False,22.872,16.222610948919414,18.739,6.672000000000002,13.344000000000001,0.0,101.58,0.0,101.58,1.9065862296939057e-14,0.0,0.0,92.68543783333332,19.437824858766778,81.70762929,-19.146185355,-38.29237071,0.0,-2.777777777666667,81.7441053864489,-8.333333333,45.8333333335,91.666666667,0.0,100.0,0.0,100.0,1.2710574864626037e-14,0.0,0.0,0.0,101.58,101.58,101.58,81.70762929,76.34868421,120.0,-8.333333333,100.0,-100.0,100.0,100.0,100.0,18.739,44.482,5.395
2026-02-01,4366,101.58,111.0526316,-50.0,20.0,35.658,False,21.073666666666668,18.23458403388706,0.0,-22.241,-44.482,0.0,101.58,0.0,101.58,1.9065862296939057e-14,0.0,0.0,92.68543783333332,19.437824858766778,120.0,21.825657895000006,43.65131579,0.0,-65.27777777766666,163.24024180091908,-287.5,-193.75000000000006,-387.5,0.0,100.0,0.0,100.0,1.2710574864626037e-14,0.0,0.0,35.658,101.58,101.58,101.58,120.0,81.70762929,76.34868421,-287.5,-8.333333333,100.0,100.0,100.0,100.0,0.0,18.739,44.482
2025-11-01,4381,103.762,110.0,96.336,32.175,69.481,True,63.401666666666664,5.4955827312083585,58.261,-6.3795,-12.758999999999993,0.0,90.57099999999998,2.5176707489264736,89.066,-2.5259999999999785,-5.0519999999999925,0.0,85.998,10.024747810626792,77.846,-11.136500000000002,-22.272999999999996,0.0,89.49733333333334,4.034645158567921,83.901,-4.678999999999982,-9.358000000000004,0.0,12.460999999999999,6.426613571703219,17.77,7.176000000000002,14.352,0.0,69.481,89.066,88.529,94.118,77.846,80.029,100.119,83.901,91.332,93.259,17.77,16.195,3.418,58.261,60.924,71.02
2025-12-01,4381,93.768,96.501,89.21,12.0,66.87,True,62.888666666666666,4.786580988091137,69.481,4.278499999999997,8.556999999999995,0.0,93.78566666666666,7.057738652634347,103.762,7.616500000000023,15.233000000000004,0.0,89.29166666666667,14.670098257642616,110.0,14.985500000000007,29.971000000000004,0.0,90.52300000000001,5.108696311193298,96.336,2.502000000000024,5.004000000000005,0.0,22.046666666666667,7.190619274829918,32.175,7.989999999999998,15.979999999999997,0.0,66.87,103.762,89.066,88.529,110.0,77.846,80.029,96.336,83.901,91.332,32.175,17.77,16.195,69.481,58.261,60.924
2026-01-01,4381,91.403,87.404,72.995,-22.676,68.62,True,64.87066666666666,4.793752902360412,66.87,4.304500000000014,8.609000000000002,0.0,95.532,6.127907527587754,93.768,2.350999999999998,4.701999999999998,0.0,94.78233333333333,13.182950866765587,96.501,9.327499999999999,18.655,0.0,89.81566666666667,5.094600431393571,89.21,2.6545000000000063,5.3089999999999975,0.0,20.64833333333333,8.484152219808934,12.0,-2.8849999999999962,-5.77,0.0,68.62,93.768,103.762,89.066,96.501,110.0,77.846,89.21,96.336,83.901,12.0,32.175,17.77,66.87,69.481,58.261
2026-02-01,4381,105.338,103.663,92.336,-50.0,87.834,True,68.32366666666667,1.0863364528951798,68.62,-0.4304999999999908,-0.86099999999999,0.0,96.31099999999999,5.356389144439251,91.403,-6.179499999999993,-12.358999999999995,0.0,97.96833333333332,9.282945090624827,87.404,-11.297999999999984,-22.596000000000004,0.0,86.18033333333334,9.766771228109224,72.995,-11.670499999999993,-23.340999999999994,0.0,7.166333333333333,22.65217135042221,-22.676,-27.4255,-54.851,0.0,87.834,91.403,93.768,103.762,87.404,96.501,110.0,72.995,89.21,96.336,-22.676,12.0,32.175,68.62,66.87,69.481
2025-11-01,4395,99.83,55.0,100.0,-4.545454545,64.844,False,65.948,6.270209300068592,69.731,6.310000000000024,12.619999999999997,0.0,99.83,0.0,99.83,-1.2710574864626037e-14,0.0,0.0,69.06160568333333,32.89008227957329,69.39144737,20.387854645000008,40.775709289999995,0.0,92.59259259333334,10.47565601653092,100.0,1.2710574864626037e-14,0.0,0.0,-2.3087231966666666,5.350764291462934,-9.703947368,-4.851973684000002,-9.703947368,0.0,64.844,99.83,99.83,99.83,69.39144737,109.1776316,28.61573808,100.0,77.77777778,100.0,-9.703947368,2.777777778,0.0,69.731,71.002,57.111
2025-12-01,4395,99.83,46.44444444,100.0,-10.0,64.069,False,68.52566666666667,2.6545385453763695,64.844,-3.0789999999999957,-6.158000000000001,0.0,99.83,0.0,99.83,-1.2710574864626037e-14,0.0,0.0,77.85635965666667,22.91353306762985,55.0,-27.088815800000003,-54.1776316,0.0,92.59259259333334,10.47565601653092,100.0,11.111111110000016,22.222222220000006,0.0,-3.8238747116666665,5.121124469422525,-4.545454545,-3.661616161500001,-7.323232323,0.0,64.069,99.83,99.83,99.83,55.0,69.39144737,109.1776316,100.0,100.0,77.77777778,-4.545454545,-9.703947368,2.777777778,64.844,69.731,71.002
2026-01-01,4395,99.83,80.36184211,100.0,-12.63157895,73.206,False,66.21466666666667,2.506472465881525,64.069,-2.830999999999994,-5.661999999999992,0.0,99.83,0.0,99.83,-1.2710574864626037e-14,0.0,0.0,56.94529727,9.468522305296965,46.44444444,-11.473501464999986,-22.947002929999996,0.0,100.0,0.0,100.0,1.2710574864626037e-14,0.0,0.0,-8.083133971,2.50443520992742,-10.0,-0.14802631600000074,-0.2960526320000003,0.0,73.206,99.83,99.83,99.83,46.44444444,55.0,69.39144737,100.0,100.0,100.0,-10.0,-4.545454545,-9.703947368,64.069,64.844,69.731
2026-02-01,4395,99.83,64.80263158,,,82.316,False,67.373,4.136671206014165,73.206,4.18100000000001,8.362000000000009,0.0,99.83,0.0,99.83,-1.2710574864626037e-14,0.0,0.0,60.60209551666666,14.402200568191489,80.36184211,12.680921055000008,25.361842109999998,0.0,100.0,0.0,100.0,1.2710574864626037e-14,0.0,0.0,-9.059011165,3.3675358908238473,-12.63157895,-4.043062202500002,-8.086124405,0.0,82.316,99.83,99.83,99.83,80.36184211,46.44444444,55.0,100.0,100.0,100.0,-12.63157895,-10.0,-4.545454545,73.206,64.069,64.844
2025-11-01,4451,108.25,56.38888889,100.0,0.0,66.16,False,83.22166666666666,21.90083239412501,69.561,-22.282000000000004,-44.56399999999999,0.0,108.25,0.0,108.25,0.0,0.0,0.0,99.82708005666666,19.689019980122204,73.11906067,-23.44046966499999,-46.880939330000004,0.0,100.0,0.0,100.0,0.0,0.0,1.0,26.90972222,23.78472222,3.125,-47.569444439999984,-47.56944444,1.0,66.16,108.25,108.25,108.25,73.11906067,106.3621795,120.0,100.0,100.0,,3.125,50.69444444,,69.561,65.979,114.125
2025-12-01,4451,108.25,70.02403846,100.0,0.0,69.569,False,67.23333333333333,1.6475667580472229,66.16,0.09050000000001457,0.18099999999999739,0.0,108.25,0.0,108.25,0.0,0.0,0.0,78.62337635333333,20.769457735726924,56.38888889,-24.98664530499999,-49.97329061,0.0,100.0,0.0,100.0,1.2710574864626037e-14,0.0,0.0,17.93981481333333,23.196130822978247,0.0,-25.347222219999995,-50.69444444,0.0,69.569,108.25,108.25,108.25,56.38888889,73.11906067,106.3621795,100.0,100.0,100.0,0.0,3.125,50.69444444,66.16,69.561,65.979
2026-01-01,4451,108.25,85.98214286,100.0,17.5,69.183,False,68.43,1.605135715965064,69.569,0.003999999999998748,0.007999999999995566,0.0,108.25,0.0,108.25,0.0,0.0,0.0,66.51066267333333,7.2678524572636,70.02403846,-1.5475111049999957,-3.095022209999996,0.0,100.0,0.0,100.0,1.2710574864626037e-14,0.0,0.0,1.0416666666666667,1.473139127471974,0.0,-1.5625,-3.125,0.0,69.183,108.25,108.25,108.25,70.02403846,56.38888889,73.11906067,100.0,100.0,100.0,0.0,0.0,3.125,69.569,66.16,69.561
2026-02-01,4451,108.25,69.6875,100.0,0.0,69.484,False,68.30399999999999,1.5242049293538837,69.183,1.5115000000000178,3.0230000000000103,0.0,108.25,0.0,108.25,0.0,0.0,0.0,70.79835673666666,12.093795839972802,85.98214286,14.796626985000016,29.59325397,0.0,100.0,0.0,100.0,1.2710574864626037e-14,0.0,0.0,5.833333333333333,8.249579113843055,17.5,8.750000000000002,17.5,0.0,69.484,108.25,108.25,108.25,85.98214286,70.02403846,56.38888889,100.0,100.0,100.0,17.5,0.0,0.0,69.183,69.569,66.16
2025-11-01,4458,109.5,51.5625,33.33333333,20.83333333,43.391,False,52.96066666666667,12.458323652170153,49.454,-10.106500000000004,-20.213,0.0,109.5,0.0,109.5,1.2710574864626037e-14,0.0,0.0,46.430281433333334,17.18110464783798,42.48355263,-13.341557020000009,-26.68311404,0.0,63.88888889,25.760051375418442,50.0,-25.0,-50.0,0.0,7.976611512333334,8.506172694297225,4.166666667,2.0833333335,4.166666667,0.0,43.391,109.5,109.5,109.5,42.48355263,27.640625,69.16666667,50.0,41.66666667,100.0,4.166666667,19.76316787,0.0,49.454,39.761,69.667
2025-12-01,4458,109.5,34.5,100.0,0.0,61.0,False,44.202,3.998487464029367,43.391,1.8149999999999975,3.6299999999999955,0.0,109.5,0.0,109.5,1.2710574864626037e-14,0.0,0.0,40.562225876666666,9.860109811718193,51.5625,11.960937500000005,23.921875,0.0,41.666666666666664,6.804138175758545,33.33333333,-4.166666669999992,-8.333333339999996,0.0,14.921055955666667,7.617041431644593,20.83333333,0.5350827299999997,1.0701654599999983,0.0,61.0,109.5,109.5,109.5,51.5625,42.48355263,27.640625,33.33333333,50.0,41.66666667,20.83333333,4.166666667,19.76316787,43.391,49.454,39.761
2026-01-01,4458,109.5,90.78125,100.0,0.0,75.07,False,51.281666666666666,7.304085356079082,61.0,5.7730000000000015,11.546,0.0,109.5,0.0,109.5,1.2710574864626037e-14,0.0,0.0,42.848684209999995,6.970519701597338,34.5,-3.991776314999998,-7.983552629999998,0.0,61.11111111,28.327886187716118,100.0,25.000000000000018,50.0,0.0,8.333333332333334,9.001028746194226,0.0,-2.083333333500001,-4.166666667,0.0,75.07,109.5,109.5,109.5,34.5,51.5625,42.48355263,100.0,33.33333333,50.0,0.0,20.83333333,4.166666667,61.0,43.391,49.454
2026-02-01,4458,109.5,119.7368421,100.0,35.8974359,73.335,False,59.82033333333333,12.959770325468304,75.07,15.83950000000001,31.678999999999995,0.0,109.5,0.0,109.5,1.2710574864626037e-14,0.0,0.0,58.947916666666664,23.56272564731329,90.78125,19.609375000000018,39.21875,0.0,77.77777777666667,31.426968054306794,100.0,33.33333333500002,66.66666667,0.0,6.9444444433333326,9.820927514908478,0.0,-10.416666665,-20.83333333,0.0,73.335,109.5,109.5,109.5,90.78125,34.5,51.5625,100.0,100.0,33.33333333,0.0,0.0,20.83333333,75.07,61.0,43.391
2025-11-01,4462,105.79,72.83881579,66.66666667,37.77777778,51.879,False,59.086333333333336,10.160356205479324,72.083,7.094000000000007,14.187999999999995,0.0,105.79,0.0,105.79,6.355287432313019e-15,0.0,0.0,44.73662940666666,29.695097817838413,82.54322155,36.271610775000006,72.54322155,0.0,87.5,12.5,100.0,25.0,25.0,1.0,16.666666665,16.666666665,0.0,-33.33333333,-33.33333333,1.0,51.879,105.79,105.79,105.79,82.54322155,41.66666667,10.0,100.0,75.0,,0.0,33.33333333,,72.083,47.281,57.895
2025-12-01,4462,105.79,85.10126582,100.0,55.55555556,58.834,False,57.080999999999996,10.772817768191693,51.879,2.299000000000005,4.597999999999999,0.0,105.79,0.0,105.79,6.355287432313019e-15,0.0,0.0,65.68290133666666,17.438052614172673,72.83881579,15.586074560000016,31.17214912,0.0,80.55555555666666,14.163943092223757,66.66666667,-4.166666664999985,-8.333333330000002,0.0,23.703703703333332,16.8589728544149,37.77777778,2.222222225000001,4.444444449999999,0.0,58.834,105.79,105.79,105.79,72.83881579,82.54322155,41.66666667,66.66666667,100.0,75.0,37.77777778,0.0,33.33333333,51.879,72.083,47.281
2026-01-01,4462,105.79,57.40131579,100.0,1.666666667,65.381,False,60.931999999999995,8.380596915892486,58.834,-6.624499999999993,-13.248999999999995,0.0,105.79,0.0,105.79,6.355287432313019e-15,0.0,0.0,80.16110105333333,5.281905825870136,85.10126582,1.2790221350000142,2.5580442699999963,0.0,88.88888888999999,15.713484024796374,100.0,6.355287432313019e-15,0.0,0.0,31.111111113333333,23.165178921942232,55.55555556,27.777777780000008,55.55555556,0.0,65.381,105.79,105.79,105.79,85.10126582,72.83881579,82.54322155,100.0,66.66666667,100.0,55.55555556,37.77777778,0.0,58.834,51.879,72.083
2026-02-01,4462,105.79,20.51282051,,,63.151,False,58.698,5.5130072253414175,65.381,6.751000000000016,13.502000000000002,0.0,105.79,0.0,105.79,6.355287432313019e-15,0.0,0.0,71.7804658,11.333192737621761,57.40131579,-7.718749999999994,-15.4375,0.0,88.88888888999999,15.713484024796374,100.0,16.666666665000022,33.33333333,0.0,31.666666668999998,22.420412511649076,1.666666667,-18.0555555565,-36.111111113,0.0,63.151,105.79,105.79,105.79,57.40131579,85.10126582,72.83881579,100.0,100.0,66.66666667,1.666666667,55.55555556,37.77777778,65.381,58.834,51.879
2025-11-01,4469,33.67,2.631578947,,,18.151,False,15.644666666666666,22.12489977880628,0.0,-7.944109290391273e-16,0.0,0.0,33.67,0.0,33.67,0.0,0.0,0.0,92.71401884333333,20.457879753461693,70.74074074,-24.62962962999999,-49.25925925999999,0.0,-105.55555555666666,145.5088983742452,-300.0,-116.66666666500005,-233.33333333000002,0.0,61.11111111,54.99719409385838,100.0,1.5888218580782548e-14,0.0,0.0,18.151,33.67,33.67,33.67,70.74074074,87.40131579,120.0,-300.0,50.0,-66.66666667,100.0,-16.66666667,100.0,0.0,46.934,0.0
2025-12-01,4469,34.74330285477339,32.45806529979078,-195.7994280305058,100.0,0.0,True,21.694999999999997,19.323906454613844,18.151,-14.391499999999986,-28.782999999999998,0.0,33.67,0.0,33.67,0.0,0.0,0.0,53.59121182566667,36.67021341266445,2.631578947,-42.3848684215,-84.769736843,0.0,-125.0,175.0,-300.0,-349.9999999999999,-350.0,1.0,41.666666665,58.333333335,100.0,116.66666666999998,116.66666667,1.0,0.0,33.67,33.67,33.67,2.631578947,70.74074074,87.40131579,,-300.0,50.0,,100.0,-16.66666667,18.151,0.0,46.934
2026-01-01,4469,33.01607944251036,57.61701412214971,-98.19588904842325,-58.99373532160344,12.858,True,6.050333333333334,8.556463456878015,0.0,-7.944109290391273e-16,0.0,0.0,34.0277676182578,0.5059598179180953,34.74330285477339,0.5366514273866974,1.073302854773388,0.0,35.27679499559693,27.876793309845585,32.45806529979078,-19.141337720104612,-38.282675440209225,0.0,-247.8997140152529,52.1002859847471,-195.7994280305058,104.2005719694942,104.2005719694942,1.0,100.0,0.0,100.0,0.0,0.0,1.0,12.858,34.74330285477339,33.67,33.67,32.45806529979078,2.631578947,70.74074074,-195.7994280305058,,-300.0,100.0,,100.0,0.0,18.151,0.0
2026-02-01,4469,33.849348359135966,95.95450415453456,-148.9657083626006,-9.766973167591999,0.0,True,10.336333333333334,7.621627224914346,12.858,-2.6465,-5.292999999999999,0.0,33.80979409909458,0.7120308848983239,33.01607944251036,-0.32696027874481365,-0.6539205574896414,0.0,30.9022194563135,22.474652575240505,57.61701412214971,27.492717587574862,54.98543517514971,0.0,-146.9976585394645,48.80176949104127,-98.19588904842325,97.60353898208254,97.60353898208254,1.0,20.50313233919828,79.49686766080171,-58.99373532160344,-158.9937353216034,-158.99373532160342,1.0,0.0,33.01607944251036,34.74330285477339,33.67,57.61701412214971,32.45806529979078,2.631578947,-98.19588904842325,-195.7994280305058,,-58.99373532160344,100.0,,12.858,0.0,18.151
2025-11-01,4470,101.42,73.125,72.22222222,2.083333333,61.171,False,47.67266666666666,18.47061800686581,73.21,16.774499999999996,33.54899999999999,0.0,101.42,0.0,101.42,-6.355287432313019e-15,0.0,0.0,65.42574787,27.836861094968558,104.732906,30.422008555000005,60.84401711,0.0,38.88888889,54.997194090827925,100.0,25.000000000000014,50.0,0.0,15.044041606999999,16.991781086612033,13.31168831,-11.677489179999995,-23.354978359999997,0.0,61.171,101.42,101.42,101.42,104.732906,47.65544872,43.88888889,100.0,-33.33333333,50.0,13.31168831,-4.846230159,36.66666667,73.21,30.147,39.661
2025-12-01,4470,101.42,60.59473684,100.0,-12.5,68.629,False,54.842666666666666,18.140954483035216,61.171,15.512000000000022,31.024,0.0,101.42,0.0,101.42,-6.355287432313019e-15,0.0,0.0,75.17111824,23.346648328708795,73.125,12.734775639999993,25.469551279999997,0.0,46.29629629666667,57.437268217646796,72.22222222,52.77777777500001,105.55555555000001,0.0,3.516263828,7.4818655487491235,2.083333333,3.4647817460000003,6.929563492,0.0,68.629,101.42,101.42,101.42,73.125,104.732906,47.65544872,72.22222222,100.0,-33.33333333,2.083333333,13.31168831,-4.846230159,61.171,73.21,30.147
2026-01-01,4470,101.42,50.55921053,77.77777778,7.222222222,55.634,False,67.67,4.961460873573427,68.629,-2.29049999999999,-4.580999999999989,0.0,101.42,0.0,101.42,-6.355287432313019e-15,0.0,0.0,79.48421428,18.571917849150825,60.59473684,-22.06908457999999,-44.13816916,0.0,90.74074073999999,13.094570023020665,100.0,1.2710574864626037e-14,0.0,0.0,0.9650072143333333,10.567207241711397,-12.5,-12.905844155,-25.81168831,0.0,55.634,101.42,101.42,101.42,60.59473684,73.125,104.732906,100.0,72.22222222,100.0,-12.5,2.083333333,13.31168831,68.629,61.171,73.21
2026-02-01,4470,101.42,0.0,,,50.71,False,61.811333333333344,5.3244734533618985,55.634,-2.7684999999999897,-5.536999999999999,0.0,101.42,0.0,101.42,-6.355287432313019e-15,0.0,0.0,61.42631579,9.231191915227887,50.55921053,-11.282894734999996,-22.56578947,0.0,83.33333333333333,12.001371664061155,77.77777778,2.7777777800000067,5.555555559999988,0.0,-1.0648148149999999,8.353627551940315,7.222222222,2.569444444500001,5.138888889,0.0,50.71,101.42,101.42,101.42,50.55921053,60.59473684,73.125,77.77777778,100.0,72.22222222,7.222222222,-12.5,2.083333333,55.634,68.629,61.171
2025-11-01,4477,120.0,72.8125,-133.3333333,91.42156863,0.0,False,19.473,14.819259698109079,22.5,11.25,22.5,0.0,120.0,0.0,120.0,1.2710574864626037e-14,0.0,0.0,37.851007288335104,10.389830755120498,32.5,-9.938791632502653,-19.87758326500532,0.0,-32.70129626643592,46.24661668717434,0.0,49.05194439965388,98.10388879930775,0.0,55.833333333333336,39.06902723243681,62.5,-18.749999999999993,-37.5,0.0,0.0,120.0,120.0,120.0,32.5,28.6754386,52.37758326500532,0.0,0.0,-98.10388879930775,62.5,5.0,100.0,22.5,35.919,0.0
2025-12-01,4477,120.0,54.98245614,,,87.491,False,19.473,14.819259698109079,0.0,-17.9595,-35.919,0.0,120.0,0.0,120.0,1.2710574864626037e-14,0.0,0.0,44.662646200000005,19.96609658390315,72.8125,22.068530700000007,44.1370614,0.0,-44.44444443333333,62.853936089757404,-133.3333333,-66.66666665000002,-133.3333333,0.0,52.97385621,35.9187271744445,91.42156863,43.21078431500001,86.42156863,0.0,87.491,120.0,120.0,120.0,72.8125,32.5,28.6754386,-133.3333333,0.0,0.0,91.42156863,62.5,5.0,0.0,22.5,35.919
2026-01-01,4477,120.0,35.0,,,77.5,False,36.663666666666664,37.09560495380671,87.491,32.49550000000001,64.991,0.0,120.0,0.0,120.0,1.2710574864626037e-14,0.0,0.0,53.43165204666667,16.494002123285593,54.98245614,11.241228070000005,22.482456139999996,0.0,-66.66666665,66.66666665,-133.3333333,-133.33333329999996,-133.3333333,1.0,76.960784315,14.460784314999998,91.42156863,28.921568629999978,28.921568629999996,1.0,77.5,120.0,120.0,120.0,54.98245614,72.8125,32.5,,-133.3333333,0.0,,91.42156863,62.5,87.491,0.0,22.5
2026-02-01,4477,120.0,90.0,,,105.0,False,54.99699999999999,39.10206752419451,77.5,38.75000000000001,77.5,0.0,120.0,0.0,120.0,1.2710574864626037e-14,0.0,0.0,54.264985380000006,15.445222827379157,35.0,-18.90625,-37.8125,0.0,-133.3333333,0.0,-133.3333333,0.0,0.0,2.0,91.42156863,0.0,91.42156863,0.0,0.0,2.0,105.0,120.0,120.0,120.0,35.0,54.98245614,72.8125,,,-133.3333333,,,91.42156863,77.5,87.491,0.0
2025-11-01,4481,70.26677682228086,26.924790577040376,,,48.596,True,49.58233333333334,10.88579068735427,54.054,9.732500000000009,19.465000000000003,0.0,69.84115242140012,0.479972038278566,70.29652371732212,0.5594949105459741,1.1189898210919296,0.0,29.323011453173,21.33847311266691,37.810668974804436,18.90533448740222,37.810668974804436,0.0,0.0,0.0,0.0,0.0,0.0,3.0,0.0,0.0,0.0,0.0,0.0,3.0,48.596,70.29652371732212,70.04939965064807,69.17753389623019,37.810668974804436,50.158365384714564,0.0,,,,,,,54.054,60.104,34.589
2025-12-01,4481,70.25,0.0,,,35.125,False,54.25133333333333,4.700192998401473,48.596,-5.7540000000000004,-11.508000000000003,0.0,70.20423339675035,0.11015545421569066,70.26677682228086,0.10868858581641112,0.21737717163279058,0.0,38.29794164551979,9.491323250831703,26.924790577040376,-11.616787403837094,-23.233574807674188,0.0,0.0,0.0,0.0,0.0,0.0,3.0,0.0,0.0,0.0,0.0,0.0,3.0,35.125,70.26677682228086,70.29652371732212,70.04939965064807,26.924790577040376,37.810668974804436,50.158365384714564,,,,,,,48.596,54.054,60.104
2026-01-01,4481,70.25,0.0,,,35.125,False,45.925000000000004,7.9551845149353175,35.125,-9.46449999999999,-18.929000000000002,0.0,70.27110017986766,0.019237682361874356,70.25,-0.023261858661051682,-0.04652371732211691,0.0,21.578486517281604,15.892323039864342,0.0,-18.905334487402218,-37.810668974804436,0.0,0.0,0.0,0.0,0.0,0.0,3.0,0.0,0.0,0.0,0.0,0.0,3.0,35.125,70.25,70.26677682228086,70.29652371732212,0.0,26.924790577040376,37.810668974804436,,,,,,,35.125,48.596,54.054
2026-02-01,4481,69.92422662391145,28.162305356064074,,,49.043,True,39.61533333333333,6.350290299575986,35.125,-6.73549999999999,-13.470999999999997,0.0,70.25559227409362,0.007908669867705307,70.25,-0.008388411140412562,-0.016776822280860415,0.0,8.974930192346791,12.692467999368604,0.0,-13.462395288520188,-26.924790577040376,0.0,0.0,0.0,0.0,0.0,0.0,3.0,0.0,0.0,0.0,0.0,0.0,3.0,49.043,70.25,70.25,70.26677682228086,0.0,0.0,26.924790577040376,,,,,,,35.125,35.125,48.596
2025-11-01,4482,98.07859411469558,0.0,,,49.039,True,60.108000000000004,13.672377042782283,48.468,-2.044499999999991,-4.088999999999999,0.0,97.39707160959865,0.4254974461306391,96.93515375481583,-0.1794458489106926,-0.35889169782140584,0.0,22.818852635241317,26.93077034619287,0.0,-3.910214298028291,-7.82042859605658,0.0,0.0,0.0,0.0,0.0,0.0,3.0,0.0,0.0,0.0,0.0,0.0,3.0,49.039,96.93515375481583,97.9620156213429,97.29404545263723,0.0,60.636129309667375,7.82042859605658,,,,,,,48.468,79.299,52.557
2025-12-01,4482,97.25,0.0,,,48.625,False,58.93533333333334,14.401173571005327,49.039,-15.129999999999995,-30.260000000000005,0.0,97.65858783028477,0.5137543397645054,98.07859411469558,0.0582892466763417,0.11657849335267656,0.0,20.21204310322246,28.584145479846775,0.0,-30.318064654833684,-60.636129309667375,0.0,0.0,0.0,0.0,0.0,0.0,3.0,0.0,0.0,0.0,0.0,0.0,3.0,48.625,98.07859411469558,96.93515375481583,97.9620156213429,0.0,0.0,60.636129309667375,,,,,,,49.039,48.468,79.299
2026-01-01,4482,97.25,0.0,,,48.625,False,48.71066666666667,0.24085172940121335,48.625,0.07850000000000244,0.15699999999999648,0.0,97.42124928983714,0.48225767911824474,97.25,0.15742312259209565,0.3148462451841709,0.0,0.0,0.0,0.0,0.0,0.0,0.0,0.0,0.0,0.0,0.0,0.0,3.0,0.0,0.0,0.0,0.0,0.0,3.0,48.625,97.25,98.07859411469558,96.93515375481583,0.0,0.0,0.0,,,,,,,48.625,49.039,48.468
2026-02-01,4482,97.19172969941458,8.2319150646514,,,52.712,True,48.763,0.1951614716074878,48.625,-0.2069999999999924,-0.4140000000000015,0.0,97.52619803823187,0.3906030115683374,97.25,-0.41429705734777034,-0.8285941146955764,0.0,0.0,0.0,0.0,0.0,0.0,0.0,0.0,0.0,0.0,0.0,0.0,3.0,0.0,0.0,0.0,0.0,0.0,3.0,52.712,97.25,97.25,98.07859411469558,0.0,0.0,0.0,,,,,,,48.625,48.625,49.039
2025-11-01,4483,113.3145699518284,10.692621247407356,,,62.004,True,61.02266666666667,4.280995003760486,66.906,3.794000000000023,7.588000000000008,0.0,113.33131189154405,0.4732842036881007,112.66246070466842,-0.49073571213355105,-0.981471424267113,0.0,8.714092082536707,9.02638465626405,21.149620612927748,8.078482489122692,16.156964978245377,0.0,0.0,0.0,0.0,0.0,0.0,3.0,0.0,0.0,0.0,0.0,0.0,3.0,62.004,112.66246070466842,113.68754284102822,113.64393212893553,21.149620612927748,0.0,4.992655634682373,,,,,,,66.906,56.844,59.318
2025-12-01,4483,113.46,0.0,,,56.73,False,61.918,4.10824439389869,62.004,2.5799999999999965,5.159999999999997,0.0,113.22152449917502,0.4236283266934182,113.3145699518284,-0.18648644459990094,-0.37297288919981497,0.0,10.614080620111702,8.634475065700157,10.692621247407356,5.346310623703679,10.692621247407356,0.0,0.0,0.0,0.0,0.0,0.0,3.0,0.0,0.0,0.0,0.0,0.0,3.0,56.73,113.3145699518284,112.66246070466842,113.68754284102822,10.692621247407356,21.149620612927748,0.0,,,,,,,62.004,66.906,56.844
2026-01-01,4483,113.46,0.0,,,56.73,False,61.879999999999995,4.155259799338668,56.73,-5.087999999999993,-10.176000000000009,0.0,113.14567688549893,0.3468053082928258,113.46,0.3987696476657979,0.7975392953315747,0.0,10.614080620111702,8.634475065700157,0.0,-10.574810306463874,-21.149620612927748,0.0,0.0,0.0,0.0,0.0,0.0,3.0,0.0,0.0,0.0,0.0,0.0,3.0,56.73,113.46,113.3145699518284,112.66246070466842,0.0,10.692621247407356,21.149620612927748,,,,,,,56.73,62.004,66.906
2026-02-01,4483,113.4475839179301,0.0,,,56.724,True,58.488,2.4861874426519015,56.73,-2.6369999999999787,-5.274000000000001,0.0,113.41152331727614,0.06855638216694525,113.46,0.0727150240857995,0.14543004817159044,0.0,3.5642070824691188,5.040549995134068,0.0,-5.346310623703679,-10.692621247407356,0.0,0.0,0.0,0.0,0.0,0.0,3.0,0.0,0.0,0.0,0.0,0.0,3.0,56.724,113.46,113.46,113.3145699518284,0.0,0.0,10.692621247407356,,,,,,,56.73,56.73,62.004
2025-11-01,4506,109.372,90.905,67.551,-13.171,70.25,True,70.08833333333332,2.1109508652632227,67.684,-2.5694999999999792,-5.138999999999996,0.0,105.61766666666666,4.554213458131077,99.339,-5.330499999999982,-10.661000000000001,0.0,101.97533333333332,6.786754567210716,93.403,-4.559999999999984,-9.11999999999999,0.0,72.67333333333333,6.888431961548935,82.412,7.409500000000005,14.819000000000003,0.0,-0.08600000000000001,7.887568108527917,4.42,7.798,15.596,0.0,70.25,99.339,107.514,110.0,93.403,110.0,102.523,82.412,68.015,67.593,4.42,6.498,-11.176,67.684,69.758,72.823
2025-12-01,4506,107.087,104.191,93.095,11.804,73.142,True,69.23066666666666,1.1119500388456713,70.25,0.24599999999999608,0.49200000000000443,0.0,105.40833333333335,4.358183592073907,109.372,0.9290000000000112,1.858000000000004,0.0,98.10266666666666,8.474271112543478,90.905,-9.547499999999982,-19.095,0.0,72.65933333333334,6.898777878887119,67.551,-0.23199999999999413,-0.46399999999999864,0.0,-0.751,8.823144601935676,-13.171,-9.834500000000002,-19.669,0.0,73.142,109.372,99.339,107.514,90.905,93.403,110.0,67.551,82.412,68.015,-13.171,4.42,6.498,70.25,67.684,69.758
2026-01-01,4506,110.0,96.582,73.023,40.538,59.767,True,70.35866666666666,2.229543650366345,73.142,2.7290000000000103,5.457999999999998,0.0,105.266,4.29358459409695,107.087,3.8740000000000205,7.748000000000005,0.0,96.16633333333334,5.765209295612972,104.191,5.394000000000008,10.787999999999997,0.0,81.01933333333334,10.47468772273851,93.095,5.341500000000011,10.682999999999993,0.0,1.017666666666667,10.475990337698653,11.804,3.692000000000002,7.384,0.0,59.767,107.087,109.372,99.339,104.191,90.905,93.403,93.095,67.551,82.412,11.804,-13.171,4.42,73.142,70.25,67.684
2026-02-01,4506,106.415,110.0,68.197,6.261,69.588,True,67.71966666666667,5.745989693303977,59.767,-5.241500000000007,-10.482999999999997,0.0,108.81966666666666,1.2517178418299995,110.0,0.31400000000000977,0.6280000000000001,0.0,97.226,5.443069048493384,96.582,2.838500000000019,5.6769999999999925,0.0,77.88966666666667,10.981418163829701,73.023,2.7359999999999984,5.471999999999994,0.0,13.057,21.944500860124386,40.538,26.8545,53.708999999999996,0.0,69.588,110.0,107.087,109.372,96.582,104.191,90.905,73.023,93.095,67.551,40.538,11.804,-13.171,59.767,73.142,70.25
2025-11-01,4548,94.246,86.864,86.755,-34.252,75.529,True,64.52933333333334,13.412600303031807,59.4,-11.754499999999997,-23.509000000000007,0.0,89.94033333333333,5.723916860177325,96.693,3.1315,6.262999999999991,0.0,81.12066666666668,5.65546934882999,88.817,6.714500000000022,13.428999999999988,0.0,93.9065,0.6464999999999961,94.553,1.2929999999999637,1.2929999999999922,1.0,46.2305,3.7695000000000007,42.461,-7.539000000000009,-7.5390000000000015,1.0,75.529,96.693,82.698,90.43,88.817,79.157,75.388,94.553,93.26,,42.461,50.0,,59.4,51.279,82.909
2025-12-01,4548,91.562,71.473,,,81.518,True,62.06933333333333,10.078347428467072,75.529,12.124999999999998,24.249999999999993,0.0,91.21233333333333,6.102860331207183,94.246,5.774000000000017,11.548000000000002,0.0,84.946,4.170367130121759,86.864,3.8535000000000283,7.707000000000008,0.0,91.52266666666667,3.412325339445557,86.755,-3.2524999999999973,-6.50500000000001,0.0,19.403,38.064448846660056,-34.252,-42.126000000000005,-84.25200000000001,0.0,81.518,94.246,96.693,82.698,86.864,88.817,79.157,86.755,94.553,93.26,-34.252,42.461,50.0,75.529,59.4,51.279
2026-01-01,4548,85.457,86.936,,,86.196,True,72.149,9.340584599834568,81.518,11.05900000000002,22.118000000000002,0.0,94.16699999999999,2.0954666942394162,91.562,-2.5654999999999992,-5.131,0.0,82.38466666666666,7.756799354258315,71.473,-8.671999999999993,-17.343999999999994,0.0,90.654,3.899000000000001,86.755,-7.798000000000016,-7.798000000000002,1.0,4.104499999999998,38.3565,-34.252,-76.71299999999998,-76.713,1.0,86.196,91.562,94.246,96.693,71.473,86.864,88.817,,86.755,94.553,,-34.252,42.461,81.518,75.529,59.4
2026-02-01,4548,92.955,86.207,99.852,-1.718,70.183,True,81.081,4.3657339207362,86.196,5.3335000000000194,10.667000000000002,0.0,90.42166666666667,3.6775807567233962,85.457,-4.394499999999989,-8.789000000000001,0.0,81.75766666666667,7.2724169450205665,86.936,0.0360000000000078,0.07200000000000273,0.0,86.755,0.0,86.755,0.0,0.0,2.0,-34.252,0.0,-34.252,0.0,0.0,2.0,70.183,85.457,91.562,94.246,86.936,71.473,86.864,,,86.755,,,-34.252,86.196,81.518,75.529
2025-11-01,4736,97.299,84.338,65.027,30.115,54.137,True,68.05033333333334,16.357621920343092,90.395,19.351500000000012,38.702999999999996,0.0,98.03466666666667,9.738505612030808,110.0,6.021000000000025,12.042000000000002,0.0,87.15466666666667,10.398820777162934,101.58,9.580500000000011,19.161,0.0,91.14033333333333,10.49828799799705,100.0,11.803500000000003,23.607,0.0,4.128,41.24011923681437,-50.0,-50.00000000000001,-100.0,0.0,54.137,110.0,86.146,97.958,101.58,77.465,82.419,100.0,97.028,76.393,-50.0,12.384,50.0,90.395,62.064,51.692
2025-12-01,4736,97.043,74.695,79.902,12.03,59.902,True,68.86533333333334,15.563937855040269,54.137,-3.963499999999978,-7.927,0.0,97.81500000000001,9.745187564468251,97.299,5.576500000000014,11.153000000000006,0.0,87.79433333333334,10.143733248770996,84.338,3.4364999999999903,6.8729999999999905,0.0,87.35166666666667,15.832482482401664,65.027,-16.000500000000006,-32.001000000000005,0.0,-2.5003333333333337,34.35851025421343,30.115,8.865499999999999,17.730999999999998,0.0,59.902,97.299,110.0,86.146,84.338,101.58,77.465,65.027,100.0,97.028,30.115,-50.0,12.384,54.137,90.395,62.064
2026-01-01,4736,99.907,105.428,88.879,33.448,65.192,True,68.14466666666665,15.908421382679327,59.902,-15.2465,-30.492999999999995,0.0,101.44733333333333,6.048551580520925,97.043,-6.478499999999998,-12.956999999999994,0.0,86.871,11.120937400537183,74.695,-13.442500000000004,-26.885000000000005,0.0,81.64299999999999,14.33064299557653,79.902,-10.048999999999998,-20.098,0.0,-2.618333333333334,34.30775965029227,12.03,31.015,62.03,0.0,65.192,97.043,97.299,110.0,74.695,84.338,101.58,79.902,65.027,100.0,12.03,30.115,-50.0,59.902,54.137,90.395
2026-02-01,4736,98.309,85.529,,,91.919,True,59.74366666666666,4.51457331563263,65.192,5.527499999999997,11.054999999999993,0.0,98.08300000000001,1.2939902111942942,99.907,1.3040000000000114,2.60799999999999,0.0,88.15366666666667,12.833518777880924,105.428,10.545000000000014,21.090000000000003,0.0,77.93599999999999,9.836271075294068,88.879,11.926000000000007,23.852000000000004,0.0,25.197666666666663,9.409846131697492,33.448,1.6665000000000108,3.333000000000002,0.0,91.919,99.907,97.043,97.299,105.428,74.695,84.338,88.879,79.902,65.027,33.448,12.03,30.115,65.192,59.902,54.137
2025-11-01,4794,106.717,103.588,73.931,45.681,59.639,True,64.82099999999998,4.804519330796788,64.121,2.401500000000006,4.802999999999997,0.0,106.53966666666668,1.5949370590158782,107.5,1.6040000000000127,3.2079999999999984,0.0,101.53366666666666,1.1222389327688744,101.654,-0.5949999999999949,-1.1899999999999977,0.0,83.65866666666666,5.034478479004114,81.209,1.0575000000000327,2.115000000000009,0.0,32.44733333333333,14.09967567790913,33.878,-7.5390000000000015,-15.078000000000003,0.0,59.639,107.5,107.827,104.292,101.654,100.103,102.844,81.209,90.673,79.094,33.878,14.508,48.956,64.121,71.024,59.318
2025-12-01,4794,85.439,84.04,89.048,0.976,64.388,True,64.928,4.6828049286725575,59.639,-5.692499999999996,-11.384999999999998,0.0,107.348,0.46572738807160563,106.717,-0.5549999999999884,-1.1099999999999994,0.0,101.78166666666668,1.4256063817041345,103.588,1.7424999999999933,3.4849999999999994,0.0,81.93766666666666,6.854286120539632,73.931,-8.370999999999995,-16.742000000000004,0.0,31.355666666666664,12.850696643459537,45.681,15.586500000000006,31.173,0.0,64.388,106.717,107.5,107.827,103.588,101.654,100.103,73.931,81.209,90.673,45.681,33.878,14.508,59.639,64.121,71.024
2026-01-01,4794,101.425,101.697,87.134,15.779,68.619,True,62.716,2.1784962703663266,64.388,0.13350000000000747,0.2670000000000101,0.0,99.88533333333332,10.22010053223005,85.439,-11.030500000000004,-22.061000000000007,0.0,96.42733333333332,8.794680563967184,84.04,-8.806999999999992,-17.61399999999999,0.0,81.396,6.172905798730451,89.048,3.9195000000000078,7.838999999999999,0.0,26.845,18.916158401395002,0.976,-16.451000000000004,-32.902,0.0,68.619,85.439,106.717,107.5,84.04,103.588,101.654,89.048,73.931,81.209,0.976,45.681,33.878,64.388,59.639,64.121
2026-02-01,4794,110.0,106.69,84.66,12.002,72.337,True,64.21533333333333,3.6681021735436357,68.619,4.490000000000002,8.979999999999997,0.0,97.86033333333334,9.045015472009373,101.425,-2.6460000000000043,-5.292000000000002,0.0,96.44166666666666,8.803218060585694,101.697,-0.945499999999998,-1.8909999999999911,0.0,83.371,6.72066707998544,87.134,6.601500000000007,13.203000000000003,0.0,20.811999999999998,18.594489739346617,15.779,-14.951,-29.901999999999997,0.0,72.337,101.425,85.439,106.717,101.697,84.04,103.588,87.134,89.048,73.931,15.779,0.976,45.681,68.619,64.388,59.639
2025-11-01,5149,98.424,91.497,96.845,-50.0,84.191,True,61.90733333333333,4.083478691290336,67.682,4.354000000000016,8.708000000000006,0.0,93.973,6.996645243734074,101.764,3.2020000000000275,6.403999999999996,0.0,94.70966666666668,6.058673690576912,98.81,-0.1824999999999985,-0.3649999999999949,0.0,85.35933333333332,5.5343521351243625,93.144,5.487500000000003,10.975000000000009,0.0,26.412333333333333,10.636372606402157,22.989,-8.909999999999997,-17.819999999999997,0.0,84.191,101.764,84.795,95.36,98.81,86.144,99.175,93.144,80.765,82.169,22.989,15.439,40.809,67.682,59.066,58.974
2025-12-01,5149,98.37,86.125,88.067,9.86,65.676,True,70.313,10.424587186071207,84.191,12.562500000000012,25.125,0.0,94.99433333333333,7.339786569709563,98.424,6.814500000000033,13.629000000000005,0.0,92.15033333333334,5.1914687923767975,91.497,2.676500000000006,5.352999999999994,0.0,90.25133333333333,6.87591159208888,96.845,8.03999999999999,16.08,0.0,-3.8573333333333344,32.773056925197295,-50.0,-32.7195,-65.439,0.0,65.676,98.424,101.764,84.795,91.497,98.81,86.144,96.845,93.144,80.765,-50.0,22.989,15.439,84.191,67.682,59.066
2026-01-01,5149,103.494,96.462,96.305,23.388,68.218,True,72.51633333333332,8.295757563692153,65.676,-1.002999999999988,-2.0060000000000002,0.0,99.51933333333334,1.5873721120840594,98.37,-1.6969999999999805,-3.3939999999999912,0.0,92.144,5.19879877151123,86.125,-6.342499999999983,-12.685000000000002,0.0,92.68533333333333,3.5982497906003656,88.067,-2.5385000000000044,-5.077000000000012,0.0,-5.717,31.76823074498589,9.86,-6.564499999999996,-13.129000000000001,0.0,68.218,98.37,98.424,101.764,86.125,91.497,98.81,88.067,96.845,93.144,9.86,-50.0,22.989,65.676,84.191,67.682
2026-02-01,5149,97.227,101.664,88.202,50.0,59.273,True,72.69500000000001,8.194874536359093,68.218,-7.986500000000012,-15.972999999999999,0.0,100.096,2.402849974509434,103.494,2.535000000000004,5.069999999999993,0.0,91.36133333333333,4.221152791464543,96.462,2.482500000000016,4.965000000000003,0.0,93.73899999999999,4.016763871576226,96.305,-0.26999999999997903,-0.539999999999992,0.0,-5.584,31.88873874374254,23.388,36.693999999999996,73.388,0.0,59.273,103.494,98.37,98.424,96.462,86.125,91.497,96.305,88.067,96.845,23.388,9.86,-50.0,68.218,65.676,84.191
2025-11-01,5166,89.403,84.241,74.686,37.022,52.827,True,63.89966666666667,8.92887213233315,51.634,-7.8999999999999995,-15.799999999999997,0.0,90.32033333333334,2.6677626497789433,86.806,-2.0415000000000045,-4.082999999999998,0.0,90.55866666666667,1.6281804431805293,88.262,-1.7939999999999914,-3.587999999999994,0.0,91.27566666666667,7.604339302149937,81.468,-9.265999999999991,-18.531999999999996,0.0,16.556,25.97817562236938,50.0,18.498499999999996,36.997,0.0,52.827,86.806,93.266,90.889,88.262,91.564,91.85,81.468,92.359,100.0,50.0,-13.335,13.003,51.634,72.631,67.434
2025-12-01,5166,100.399,94.733,,,97.566,True,59.03066666666666,9.62921292502952,52.827,-9.902000000000003,-19.804000000000002,0.0,89.825,2.6541116530143722,89.403,-1.9314999999999944,-3.8629999999999995,0.0,88.02233333333334,2.9944017024366554,84.241,-3.661499999999987,-7.322999999999993,0.0,82.83766666666666,7.279685081711214,74.686,-8.836499999999978,-17.672999999999988,0.0,24.56233333333333,27.31621040497545,37.022,25.178500000000003,50.357,0.0,97.566,89.403,86.806,93.266,84.241,88.262,91.564,74.686,81.468,92.359,37.022,50.0,-13.335,52.827,51.634,72.631
2026-01-01,5166,95.744,91.726,77.702,-12.016,69.297,True,67.34233333333333,21.37690860614686,97.566,22.966000000000008,45.932,0.0,92.20266666666667,5.891859487650925,100.399,6.7965000000000195,13.593000000000004,0.0,89.07866666666666,4.322092420216036,94.733,3.235499999999993,6.471000000000004,0.0,78.077,3.3909999999999982,74.686,-6.782000000000025,-6.7819999999999965,1.0,43.510999999999996,6.489000000000001,37.022,-12.978000000000012,-12.978000000000002,1.0,69.297,100.399,89.403,86.806,94.733,84.241,88.262,,74.686,81.468,,37.022,50.0,97.566,52.827,51.634
2026-02-01,5166,102.396,96.578,99.659,29.972,67.165,True,73.23,18.475134586789892,69.297,8.235000000000007,16.47,0.0,95.18200000000002,4.5066533776924365,95.744,3.1705000000000165,6.340999999999994,0.0,90.23333333333333,4.411466599165811,91.726,3.7425000000000153,7.484999999999999,0.0,76.194,1.5079999999999956,77.702,3.015999999999984,3.015999999999991,1.0,12.503,24.519,-12.016,-49.03799999999998,-49.038,1.0,67.165,95.744,100.399,89.403,91.726,94.733,84.241,77.702,,74.686,-12.016,,37.022,69.297,97.566,52.827
2025-11-01,5295,90.462,75.326,80.249,9.748,59.072,True,68.50966666666666,1.7490592391975213,70.85,1.4085000000000087,2.816999999999993,0.0,99.18133333333333,1.4693936013048225,98.539,0.3740000000000164,0.7480000000000047,0.0,92.531,9.36463414483805,105.774,9.87800000000002,19.756,0.0,96.47466666666666,3.941994447259182,98.821,-0.42999999999996075,-0.8599999999999994,0.0,14.148666666666665,3.9487204960031748,19.733,4.187000000000004,8.374,0.0,59.072,98.539,101.214,97.791,105.774,85.801,86.018,98.821,90.922,99.681,19.733,11.354,11.359,70.85,66.646,68.033
2025-12-01,5295,95.592,76.446,91.057,26.289,59.202,True,65.52266666666667,4.873515454873295,59.072,-3.786999999999997,-7.573999999999998,0.0,96.73833333333333,4.570424949851185,90.462,-5.376000000000001,-10.751999999999995,0.0,88.96699999999998,12.630329713299915,75.326,-5.237500000000009,-10.475000000000009,0.0,89.99733333333332,7.610127126986047,80.249,-5.336500000000006,-10.673000000000002,0.0,13.611666666666666,4.377811502972183,9.748,-0.8029999999999982,-1.6059999999999999,0.0,59.202,90.462,98.539,101.214,75.326,105.774,85.801,80.249,98.821,90.922,9.748,19.733,11.354,59.072,70.85,66.646
2026-01-01,5295,88.788,87.397,,,88.092,True,63.041333333333334,5.521816206849174,59.202,-5.824000000000004,-11.647999999999996,0.0,94.86433333333333,3.3373249100972395,95.592,-1.473499999999998,-2.9470000000000027,0.0,85.84866666666666,14.096755686642547,76.446,-14.663999999999998,-29.328000000000003,0.0,90.04233333333333,7.615858775534701,91.057,-3.8819999999999926,-7.763999999999996,0.0,18.59,6.801029676943534,26.289,3.278000000000009,6.556000000000001,0.0,88.092,95.592,90.462,98.539,76.446,75.326,105.774,91.057,80.249,98.821,26.289,9.748,19.733,59.202,59.072,70.85
2026-02-01,5295,92.537,94.356,94.938,-5.338,71.792,True,68.78866666666666,13.649621077361653,88.092,14.510000000000002,29.019999999999996,0.0,91.61399999999999,2.8946999844543475,88.788,-0.8369999999999954,-1.6740000000000066,0.0,79.723,5.445567432937243,87.397,6.035500000000019,12.071000000000012,0.0,85.65299999999999,5.4040000000000035,91.057,10.807999999999993,10.808000000000007,1.0,18.0185,8.270500000000002,26.289,16.541,16.541000000000004,1.0,71.792,88.788,95.592,90.462,87.397,76.446,75.326,,91.057,80.249,,26.289,9.748,88.092,59.202,59.072
2025-11-01,5464,105.44,107.892,76.679,50.0,60.003,True,72.58066666666666,9.62870556663194,66.631,-9.766,-19.531999999999996,0.0,99.62233333333334,4.519389363865679,102.418,4.585500000000016,9.171000000000006,0.0,95.35666666666667,11.602829147333951,101.702,11.3115,22.623000000000005,0.0,76.529,2.6240000000000023,73.905,-5.248000000000005,-5.248000000000005,1.0,19.677500000000002,8.1755,11.502,-16.351,-16.351,1.0,60.003,102.418,103.202,93.247,101.702,105.289,79.079,73.905,79.153,,11.502,27.853,,66.631,64.948,86.163
2025-12-01,5464,95.889,99.821,64.332,-3.353,65.849,True,63.86066666666667,2.812983746052499,60.003,-2.4725000000000033,-4.944999999999993,0.0,103.68666666666667,1.2804419375963707,105.44,1.1190000000000215,2.2379999999999995,0.0,104.961,2.537677809862131,107.892,1.3015000000000072,2.6029999999999944,0.0,76.579,2.1436535789783466,76.679,-1.2369999999999972,-2.4740000000000038,0.0,29.785,15.776004331473375,50.0,11.073500000000003,22.147,0.0,65.849,105.44,102.418,103.202,107.892,101.702,105.289,76.679,73.905,79.153,50.0,11.502,27.853,60.003,66.631,64.948
2026-01-01,5464,100.196,95.071,78.498,9.929,65.959,True,64.161,2.9574317687254714,65.849,-0.3909999999999952,-0.7819999999999965,0.0,101.24900000000001,3.9858350024388463,95.889,-3.2644999999999933,-6.529000000000011,0.0,103.13833333333332,3.4479511146315405,99.821,-0.9404999999999963,-1.8810000000000002,0.0,71.63866666666667,5.28925340247143,64.332,-4.786499999999984,-9.573000000000008,0.0,19.383,22.482856772809512,-3.353,-7.427500000000005,-14.855,0.0,65.959,95.889,105.44,102.418,99.821,107.892,101.702,64.332,76.679,73.905,-3.353,50.0,11.502,65.849,60.003,66.631
2026-02-01,5464,99.397,83.309,73.94,47.373,52.318,True,63.937000000000005,2.782120534172931,65.959,2.9780000000000117,5.956000000000003,0.0,100.50833333333333,3.9054290701819467,100.196,-2.621999999999999,-5.244,0.0,100.928,5.29235908330743,95.071,-6.410499999999987,-12.820999999999998,0.0,73.16966666666667,6.293141999210115,78.498,0.9095000000000124,1.8190000000000026,0.0,18.858666666666668,22.6780343406468,9.929,-20.035499999999995,-40.071,0.0,52.318,100.196,95.889,105.44,95.071,99.821,107.892,78.498,64.332,76.679,9.929,-3.353,50.0,65.959,65.849,60.003
2025-11-01,5945,96.275,90.519,97.72,9.645,68.717,True,78.66066666666666,7.867582319591932,72.962,-0.1359999999999892,-0.27199999999999136,0.0,95.33033333333333,5.930691490505604,88.259,-7.256500000000003,-14.513000000000005,0.0,89.97666666666667,11.179717835835078,79.779,-12.879999999999997,-25.760000000000005,0.0,94.09700000000001,5.902999999999999,100.0,11.805999999999997,11.805999999999997,1.0,-10.121,13.691,-23.812,-27.381999999999998,-27.382,1.0,68.717,88.259,94.96,102.772,79.779,84.612,105.539,100.0,,88.194,-23.812,,3.57,72.962,89.786,73.234
2025-12-01,5945,96.898,77.04,100.0,-44.958,79.724,True,77.15499999999999,9.098044734996636,68.717,-10.534499999999992,-21.069000000000003,0.0,93.16466666666668,3.5101263351749736,96.275,0.6575000000000246,1.315000000000012,0.0,84.97,4.39188820440594,90.519,2.9535000000000178,5.907000000000011,0.0,98.86,1.1400000000000006,97.72,-2.2800000000000153,-2.280000000000001,1.0,-7.083500000000001,16.7285,9.645,33.456999999999994,33.457,1.0,79.724,96.275,88.259,94.96,90.519,79.779,84.612,97.72,100.0,,9.645,-23.812,,68.717,72.962,89.786
2026-01-01,5945,90.781,74.285,93.26,-50.0,77.082,True,73.801,4.532582266214263,79.724,3.381000000000019,6.7620000000000005,0.0,93.81066666666668,3.933851745497732,96.898,4.319500000000003,8.638999999999996,0.0,82.44600000000001,5.816959515073147,77.04,-1.369499999999986,-2.73899999999999,0.0,99.24000000000001,1.0748023074035526,100.0,1.2710574864626037e-14,0.0,0.0,-19.708333333333332,22.47964949805836,-44.958,-10.573000000000004,-21.145999999999997,0.0,77.082,96.898,96.275,88.259,77.04,90.519,79.779,100.0,97.72,100.0,-44.958,9.645,-23.812,79.724,68.717,72.962
2026-02-01,5945,99.663,99.279,88.852,16.829,67.741,True,75.17433333333334,4.6916881349420025,77.082,4.182500000000011,8.364999999999995,0.0,94.65133333333334,2.7485320122243815,90.781,-2.746999999999995,-5.494,0.0,80.61466666666668,7.093159631331836,74.285,-8.116999999999992,-16.23400000000001,0.0,96.99333333333334,2.7991586037395013,93.26,-2.229999999999982,-4.459999999999994,0.0,-28.43766666666667,27.00706779509558,-50.0,-29.822500000000005,-59.644999999999996,0.0,67.741,90.781,96.898,96.275,74.285,77.04,90.519,93.26,100.0,97.72,-50.0,-44.958,9.645,77.082,79.724,68.717
2025-11-01,6674,95.457,88.822,78.548,29.829,58.25,True,76.21966666666667,5.120980136219589,83.322,4.713500000000013,9.427000000000007,0.0,99.86633333333333,2.108797024108506,98.791,-2.0109999999999966,-4.022000000000006,0.0,99.40533333333333,1.6505038288016436,99.022,-1.284499999999984,-2.5689999999999884,0.0,90.37833333333333,9.157716685336409,95.848,-0.9809999999999949,-1.9620000000000033,0.0,-15.228,18.970376327316227,-39.625,-23.130000000000003,-46.26,0.0,58.25,98.791,97.995,102.813,99.022,97.603,101.591,95.848,77.477,97.81,-39.625,-12.694,6.635,83.322,71.442,73.895
2025-12-01,6674,99.474,98.615,77.105,15.678,64.879,True,71.00466666666667,10.240271524177906,58.25,-6.595999999999975,-13.191999999999993,0.0,97.41433333333333,1.42168194599058,95.457,-1.2689999999999937,-2.538000000000011,0.0,95.149,4.511214692297408,88.822,-4.3904999999999905,-8.780999999999992,0.0,83.95766666666667,8.419096560135705,78.548,0.5355000000000055,1.070999999999998,0.0,-7.496666666666667,28.591650696585457,29.829,21.26150000000001,42.523,0.0,64.879,95.457,98.791,97.995,88.822,99.022,97.603,78.548,95.848,77.477,29.829,-39.625,-12.694,58.25,83.322,71.442
2026-01-01,6674,95.537,88.957,81.379,30.107,58.942,True,68.81700000000001,10.607612957997038,64.879,-9.221499999999969,-18.442999999999998,0.0,97.90733333333333,1.7549401382636676,99.474,0.3415000000000218,0.6830000000000069,0.0,95.48633333333333,4.71532369573453,98.615,-0.2035000000000078,-0.4070000000000107,0.0,83.83366666666667,8.515817296197834,77.105,-9.371499999999985,-18.742999999999995,0.0,1.9606666666666672,29.967632031169156,15.678,27.6515,55.303,0.0,58.942,99.474,95.457,98.791,98.615,88.822,99.022,77.105,78.548,95.848,15.678,29.829,-39.625,64.879,58.25,83.322
2026-02-01,6674,103.258,95.102,,,99.18,True,60.690333333333335,2.975277279328584,58.942,0.3460000000000093,0.6920000000000002,0.0,96.82266666666665,1.87506023606947,95.537,0.04000000000003197,0.0800000000000125,0.0,92.13133333333333,4.584975923843244,88.957,0.06750000000001224,0.1349999999999909,0.0,79.01066666666668,1.77525854142119,81.379,1.4155000000000033,2.831000000000003,0.0,25.204666666666668,6.73732658816207,30.107,0.13900000000000415,0.2779999999999987,0.0,99.18,95.537,99.474,95.457,88.957,98.615,88.822,81.379,77.105,78.548,30.107,15.678,29.829,58.942,64.879,58.25
2025-11-01,6874,98.053,93.408,80.631,16.547,63.886,True,68.10066666666667,4.533973263656895,65.777,0.8450000000000024,1.6899999999999977,0.0,96.96466666666667,7.114028269709236,106.91,8.117000000000017,16.233999999999995,0.0,94.15133333333334,10.540488677265186,109.013,10.646000000000017,21.292,0.0,65.289,5.901751773838,56.984,-6.587999999999978,-13.175999999999995,0.0,-15.998333333333333,25.092440061146352,9.798,8.7955,17.591,0.0,63.886,106.91,93.308,90.676,109.013,85.72,87.721,56.984,68.723,70.16,9.798,-50.0,-7.793,65.777,74.438,64.087
2025-12-01,6874,104.651,99.602,78.398,-0.911,70.89,True,68.03366666666666,4.593878850044795,63.886,-5.276000000000004,-10.552,0.0,99.42366666666668,5.636940442789467,98.053,2.3725000000000183,4.74499999999999,0.0,96.04700000000001,9.690689793129627,93.408,3.8440000000000105,7.688000000000002,0.0,68.77933333333333,9.653929505071439,80.631,5.9540000000000015,11.908000000000001,0.0,-7.884999999999999,29.90699103331304,16.547,33.2735,66.547,0.0,70.89,98.053,106.91,93.308,93.408,109.013,85.72,80.631,56.984,68.723,16.547,9.798,-50.0,63.886,65.777,74.438
2026-01-01,6874,94.274,109.204,,,101.739,True,66.851,2.9585031124990664,70.89,2.5565000000000087,5.1129999999999995,0.0,103.20466666666665,3.7577051803224557,104.651,-1.1294999999999913,-2.2590000000000003,0.0,100.67433333333334,6.415680287822608,99.602,-4.705499999999984,-9.411000000000001,0.0,72.00433333333334,10.660030717070606,78.398,10.706999999999992,21.413999999999994,0.0,8.478,7.188056807417889,-0.911,-5.3545,-10.709,0.0,101.739,104.651,98.053,106.91,99.602,93.408,109.013,78.398,80.631,56.984,-0.911,16.547,9.798,70.89,63.886,65.777
2026-02-01,6874,88.318,81.467,64.662,23.868,52.645,True,78.83833333333334,16.4437304026658,101.739,18.92650000000001,37.853,0.0,98.99266666666666,4.288182391436051,94.274,-1.8894999999999949,-3.7789999999999964,0.0,100.738,6.498526807413094,109.204,7.898000000000007,15.795999999999992,0.0,79.5145,1.116500000000002,78.398,-2.2330000000000183,-2.233000000000004,1.0,7.8180000000000005,8.729000000000001,-0.911,-17.458000000000002,-17.458000000000002,1.0,52.645,94.274,104.651,98.053,109.204,99.602,93.408,,78.398,80.631,,-0.911,16.547,101.739,70.89,63.886
2025-11-01,6938,110.0,110.0,95.995,50.0,66.499,True,84.18466666666666,8.348351906547519,76.698,-9.567999999999998,-19.13600000000001,0.0,100.73700000000001,1.1672334813566676,102.271,0.886500000000007,1.7729999999999961,0.0,91.58966666666667,7.734243351629312,82.334,-4.418000000000009,-8.835999999999999,0.0,99.2485,0.7515000000000001,98.497,-1.5030000000000285,-1.5030000000000001,1.0,-21.5345,2.1555,-23.69,-4.311,-4.311,1.0,66.499,102.271,99.442,100.498,82.334,101.265,91.17,98.497,100.0,,-23.69,-19.379,,76.698,80.022,95.834
2025-12-01,6938,91.138,87.833,96.7,-49.63,81.325,True,74.40633333333334,5.753647210441588,66.499,-6.761500000000005,-13.52300000000001,0.0,103.90433333333333,4.4623367819513104,110.0,5.27900000000001,10.558000000000007,0.0,97.86633333333333,11.54744099597636,110.0,4.367500000000008,8.735,0.0,98.164,1.6519025394980158,95.995,-2.0024999999999817,-4.0049999999999955,0.0,2.3103333333333325,33.767582188970664,50.0,34.68950000000002,69.379,0.0,81.325,110.0,102.271,99.442,110.0,82.334,101.265,95.995,98.497,100.0,50.0,-23.69,-19.379,66.499,76.698,80.022
2026-01-01,6938,105.642,105.883,98.615,33.908,69.058,True,74.84066666666666,6.193536110781594,81.325,2.3135000000000177,4.6270000000000095,0.0,101.13633333333333,7.742065285754754,91.138,-5.566499999999991,-11.132999999999996,0.0,93.38900000000001,11.958365022025376,87.833,2.749500000000012,5.498999999999995,0.0,97.06400000000001,1.0533669825848901,96.7,-0.8984999999999969,-1.796999999999997,0.0,-7.773333333333334,42.202207156603656,-49.63,-12.970000000000008,-25.94,0.0,69.058,91.138,110.0,102.271,87.833,110.0,82.334,96.7,95.995,98.497,-49.63,50.0,-23.69,81.325,66.499,76.698
2026-02-01,6938,102.753,104.627,100.0,-50.0,89.345,True,72.294,6.470772287756696,69.058,1.2795000000000332,2.5590000000000117,0.0,102.25999999999999,8.063175718454028,105.642,-2.178999999999982,-4.358000000000004,0.0,101.23866666666667,9.627091853491144,105.883,-2.058499999999983,-4.117000000000004,0.0,97.10333333333334,1.106980377222445,98.615,1.3100000000000032,2.6199999999999903,0.0,11.426,43.6700848636684,33.908,-8.045999999999992,-16.092,0.0,89.345,105.642,91.138,110.0,105.883,87.833,110.0,98.615,96.7,95.995,33.908,-49.63,50.0,69.058,81.325,66.499
2025-11-01,7153,97.409,92.276,69.66,-34.729,73.518,True,71.29066666666667,12.413360875372241,88.799,13.686000000000016,27.372000000000007,0.0,93.82666666666667,1.2388387932073999,94.947,1.4235000000000135,2.8470000000000084,0.0,89.73866666666667,6.2475305165765755,82.651,-7.599999999999992,-15.200000000000003,0.0,82.25450000000001,10.890499999999996,93.145,21.780999999999985,21.78099999999999,1.0,18.6575,3.0504999999999995,21.708,6.100999999999995,6.100999999999999,1.0,73.518,94.947,94.433,92.1,82.651,88.714,97.851,,93.145,71.364,,21.708,15.607,88.799,63.646,61.427
2025-12-01,7153,99.906,108.716,75.991,34.123,62.622,True,75.321,10.347510457432103,73.518,4.935999999999999,9.872,0.0,95.59633333333333,1.2988121068456706,97.409,1.4879999999999918,2.975999999999999,0.0,87.88033333333334,3.9733618287568806,92.276,1.781000000000005,3.5619999999999976,0.0,81.4025,11.7425,69.66,-23.484999999999985,-23.485,1.0,-6.5105,28.2185,-34.729,-56.43699999999998,-56.437,1.0,62.622,97.409,94.947,94.433,92.276,82.651,88.714,69.66,,93.145,-34.729,,21.708,73.518,88.799,63.646
2026-01-01,7153,97.339,104.003,82.409,-50.0,83.438,True,74.97966666666667,10.736578732952548,62.622,-13.088499999999998,-26.177000000000007,0.0,97.42066666666666,2.0245200803043573,99.906,2.47950000000002,4.959000000000003,0.0,94.54766666666666,10.761549093364248,108.716,13.032500000000022,26.064999999999998,0.0,72.8255,3.1655000000000015,75.991,6.330999999999989,6.331000000000003,1.0,-0.3030000000000008,34.426,34.123,68.85199999999999,68.852,1.0,83.438,99.906,97.409,94.947,108.716,92.276,82.651,75.991,69.66,,34.123,-34.729,,62.622,73.518,88.799
2026-02-01,7153,88.982,91.05,85.956,19.752,61.559,True,73.19266666666665,8.501209534857706,83.438,4.960000000000002,9.920000000000002,0.0,98.218,1.1939383010301121,97.339,-0.03499999999997951,-0.07000000000000739,0.0,101.665,6.912215419096833,104.003,5.863500000000029,11.727000000000004,0.0,76.02,5.2047978507014765,82.409,6.374500000000005,12.74900000000001,0.0,-16.868666666666666,36.59156015926198,-50.0,-7.6355000000000075,-15.271,0.0,61.559,97.339,99.906,97.409,104.003,108.716,92.276,82.409,75.991,69.66,-50.0,34.123,-34.729,83.438,62.622,73.518
2025-11-01,8043,102.08,0.0,,,51.04,False,51.04,0.0,51.04,9.532931148469528e-15,0.0,0.0,102.08,0.0,102.08,1.9065862296939057e-14,0.0,0.0,0.0,0.0,0.0,0.0,0.0,0.0,0.0,0.0,0.0,0.0,0.0,3.0,0.0,0.0,0.0,0.0,0.0,3.0,51.04,102.08,102.08,102.08,0.0,0.0,0.0,,,,,,,51.04,51.04,51.04
2025-12-01,8043,102.08,73.07565789,0.0,25.41666667,37.435,False,51.04,0.0,51.04,9.532931148469528e-15,0.0,0.0,102.08,0.0,102.08,1.9065862296939057e-14,0.0,0.0,0.0,0.0,0.0,0.0,0.0,0.0,0.0,0.0,0.0,0.0,0.0,3.0,0.0,0.0,0.0,0.0,0.0,3.0,37.435,102.08,102.08,102.08,0.0,0.0,0.0,,,,,,,51.04,51.04,51.04
2026-01-01,8043,102.08,33.75,,,67.915,False,46.504999999999995,6.413458505361985,37.435,-6.802499999999995,-13.604999999999997,0.0,102.08,0.0,102.08,1.9065862296939057e-14,0.0,0.0,24.358552630000002,34.44819548912482,73.07565789,36.53782894500001,73.07565789,0.0,0.0,0.0,0.0,0.0,0.0,2.0,25.41666667,0.0,25.41666667,0.0,0.0,2.0,67.915,102.08,102.08,102.08,73.07565789,0.0,0.0,0.0,,,25.41666667,,,37.435,51.04,51.04
2026-02-01,8043,102.08,0.0,,,51.04,False,52.129999999999995,12.467255110889488,67.915,8.437500000000018,16.875000000000007,0.0,102.08,0.0,102.08,1.9065862296939057e-14,0.0,0.0,35.60855263,29.86194465003845,33.75,16.875000000000004,33.75,0.0,0.0,0.0,0.0,0.0,0.0,2.0,25.41666667,0.0,25.41666667,0.0,0.0,2.0,51.04,102.08,102.08,102.08,33.75,73.07565789,0.0,,0.0,,,25.41666667,,67.915,37.435,51.04
2025-11-01,8046,107.42,6.180555556,,,56.8,False,52.94266666666667,12.102653051661395,56.347,9.81650000000001,19.633000000000003,0.0,107.42,0.0,107.42,2.5421149729252075e-14,0.0,0.0,80.77256943333333,27.407270235310747,42.96875,-32.05729165,-64.1145833,0.0,38.88888889,64.31020501598118,100.0,75.00000000000001,150.0,0.0,15.309962367666666,9.018699156642935,25.0,3.67647059,7.352941179999998,0.0,56.8,107.42,107.42,107.42,42.96875,92.265625,107.0833333,100.0,66.66666667,-50.0,25.0,3.282828283,17.64705882,56.347,65.767,36.714
2025-12-01,8046,107.42,56.53963415,0.0,93.75,17.552,False,59.638,4.3378015168976995,56.8,-4.483499999999983,-8.966999999999999,0.0,107.42,0.0,107.42,2.5421149729252075e-14,0.0,0.0,47.13831018533333,35.26753671956609,6.180555556,-43.04253472199999,-86.085069444,0.0,83.33333333499999,16.666666665,100.0,33.333333329999974,33.33333333,1.0,14.1414141415,10.8585858585,25.0,21.717171716999992,21.717171717,1.0,17.552,107.42,107.42,107.42,6.180555556,42.96875,92.265625,,100.0,66.66666667,,25.0,3.282828283,56.8,56.347,65.767
2026-01-01,8046,107.42,30.46875,100.0,0.0,59.472,False,43.566333333333326,18.395841130236175,17.552,-19.39749999999999,-38.795,0.0,107.42,0.0,107.42,2.5421149729252075e-14,0.0,0.0,35.229646568666666,21.274859821705427,56.53963415,6.785442075000013,13.570884149999998,0.0,50.0,50.0,0.0,-100.0,-100.0,1.0,59.375,34.375,93.75,68.74999999999997,68.75,1.0,59.472,107.42,107.42,107.42,56.53963415,6.180555556,42.96875,0.0,,100.0,93.75,,25.0,17.552,56.8,56.347
2026-02-01,8046,107.42,100.0,100.0,0.0,76.855,False,44.608000000000004,19.16255459657367,59.472,1.336000000000014,2.672000000000004,0.0,107.42,0.0,107.42,2.5421149729252075e-14,0.0,0.0,31.062979902,20.563301146970385,30.46875,12.144097222000005,24.288194444,0.0,50.0,50.0,100.0,99.99999999999997,100.0,1.0,46.875,46.875,0.0,-93.74999999999999,-93.75,1.0,76.855,107.42,107.42,107.42,30.46875,56.53963415,6.180555556,100.0,0.0,,0.0,93.75,,59.472,17.552,56.8
2025-11-01,8060,114.25,48.75,100.0,0.0,65.75,False,62.00933333333333,5.084950431310896,68.484,6.211,12.421999999999997,0.0,114.25,0.0,114.25,1.2710574864626037e-14,0.0,0.0,33.78837719333333,20.339671405829126,59.6875,24.84375000000001,49.6875,0.0,100.0,0.0,100.0,1.2710574864626037e-14,0.0,0.0,0.0,0.0,0.0,0.0,0.0,0.0,65.75,114.25,114.25,114.25,59.6875,31.67763158,10.0,100.0,100.0,100.0,0.0,0.0,0.0,68.484,61.482,56.062
2025-12-01,8060,114.25,88.56578947,100.0,0.0,75.704,False,65.23866666666667,2.8813304025899007,65.75,2.1339999999999995,4.268000000000001,0.0,114.25,0.0,114.25,1.2710574864626037e-14,0.0,0.0,46.705043859999996,11.526044896590246,48.75,8.536184210000004,17.07236842,0.0,100.0,0.0,100.0,1.2710574864626037e-14,0.0,0.0,0.0,0.0,0.0,0.0,0.0,0.0,75.704,114.25,114.25,114.25,48.75,59.6875,31.67763158,100.0,100.0,100.0,0.0,0.0,0.0,65.75,68.484,61.482
2026-01-01,8060,114.25,102.7840909,100.0,0.0,79.259,False,69.97933333333333,4.199011418046975,75.704,3.609999999999995,7.219999999999999,0.0,114.25,0.0,114.25,1.2710574864626037e-14,0.0,0.0,65.66776315666667,16.79577195501057,88.56578947,14.439144735000013,28.87828947,0.0,100.0,0.0,100.0,1.2710574864626037e-14,0.0,0.0,0.0,0.0,0.0,0.0,0.0,0.0,79.259,114.25,114.25,114.25,88.56578947,48.75,59.6875,100.0,100.0,100.0,0.0,0.0,0.0,75.704,65.75,68.484
2026-02-01,8060,114.25,101.4473684,100.0,0.0,78.924,False,73.57100000000001,5.717548250780223,79.259,6.754500000000007,13.509,0.0,114.25,0.0,114.25,1.2710574864626037e-14,0.0,0.0,80.03329345666667,22.869533751412998,102.7840909,27.017045449999994,54.034090899999995,0.0,100.0,0.0,100.0,1.2710574864626037e-14,0.0,0.0,0.0,0.0,0.0,0.0,0.0,0.0,78.924,114.25,114.25,114.25,102.7840909,88.56578947,48.75,100.0,100.0,100.0,0.0,0.0,0.0,79.259,75.704,65.75
2025-11-01,8063,35.581594741530886,52.391965391184804,69.03177045168609,51.465877015033186,26.385,True,45.201,13.724406070938008,54.232,14.212500000000007,28.425,0.0,35.91793635042558,0.4685425230956041,36.53347407595231,0.5678760850884609,1.1357521701769073,0.0,26.311271852957503,37.209757497737975,78.93381555887251,39.46690777943627,78.93381555887251,0.0,85.51287522215374,20.487888340621495,56.538625666461215,-21.730687166769403,-43.461374333538785,0.0,-33.060997768499554,49.13990573972676,-44.92136546199319,-38.54571532333426,-77.0914306466685,0.0,26.385,36.53347407595231,35.82261306954902,35.397721905775406,78.93381555887251,0.0,0.0,56.538625666461215,100.0,100.0,-44.92136546199319,-86.43169302818079,32.170065184675316,54.232,55.564,25.807
2025-12-01,8063,37.07664658138892,0.0,100.0,-52.18084922815315,47.314,True,45.39366666666666,13.452152549767721,26.385,-14.589499999999996,-29.179,0.0,35.97922729567741,0.4040747279848037,35.581594741530886,-0.12050916400906489,-0.24101832801813572,0.0,43.775260316685774,32.79555370703168,52.391965391184804,26.19598269559241,52.391965391184804,0.0,75.19013203938243,18.26958908174285,69.03177045168609,-15.48411477415695,-30.968229548313914,0.0,-26.62906049171359,57.76325978682333,51.465877015033186,68.948785021607,137.897570043214,0.0,47.314,35.581594741530886,36.53347407595231,35.82261306954902,52.391965391184804,78.93381555887251,0.0,69.03177045168609,56.538625666461215,100.0,51.465877015033186,-44.92136546199319,-86.43169302818079,26.385,54.232,55.564
2026-01-01,8063,36.0,48.21428571,100.0,0.0,46.054,False,42.64366666666667,11.83843633631101,47.314,-3.458999999999991,-6.917999999999999,0.0,36.39723846629071,0.6179078178124557,37.07664658138892,0.27158625271830655,0.5431725054366083,0.0,43.775260316685774,32.79555370703168,0.0,-39.46690777943624,-78.93381555887251,0.0,75.19013203938243,18.26958908174285,100.0,21.730687166769393,43.461374333538785,0.0,-15.212112558371052,47.24151243910408,-52.18084922815315,-3.629741883079985,-7.25948376615996,0.0,46.054,37.07664658138892,35.581594741530886,36.53347407595231,0.0,52.391965391184804,78.93381555887251,100.0,69.03177045168609,56.538625666461215,-52.18084922815315,51.465877015033186,-44.92136546199319,47.314,26.385,54.232
2026-02-01,8063,36.0,0.0,,,18.0,False,39.91766666666667,9.582856231602118,46.054,9.834500000000006,19.669,0.0,36.2194137743066,0.629762814733889,36.0,0.20920262923456348,0.41840525846911447,0.0,33.535417033728265,23.774375541735406,48.21428571,-2.088839840592394,-4.177679681184806,0.0,89.6772568172287,14.59856340996959,100.0,15.484114774156962,30.968229548313914,0.0,-0.23832407103998796,42.31393437946599,0.0,-25.732938507516586,-51.465877015033186,0.0,18.0,36.0,37.07664658138892,35.581594741530886,48.21428571,0.0,52.391965391184804,100.0,100.0,69.03177045168609,0.0,-52.18084922815315,51.465877015033186,46.054,47.314,26.385
2025-11-01,8073,108.42,62.51602564,83.33333333,-8.333333333,65.651,False,88.947,6.618829100880812,79.589,-7.110999999999989,-14.222000000000008,0.0,108.42,0.0,108.42,-6.355287432313019e-15,0.0,0.0,85.03323836666668,8.775216551097271,97.43589744,9.116809120000012,18.23361824,0.0,100.0,0.0,100.0,0.0,0.0,2.0,-12.5,0.0,-12.5,0.0,0.0,2.0,65.651,108.42,108.42,108.42,97.43589744,78.46153846,79.2022792,100.0,,,-12.5,,,79.589,93.441,93.811
2025-12-01,8073,108.42,86.48295627,,,97.451,False,79.56033333333333,11.34523810043472,65.651,-13.895000000000001,-27.790000000000006,0.0,108.42,0.0,108.42,-6.355287432313019e-15,0.0,0.0,79.47115384666667,14.273842137603888,62.51602564,-7.972756409999987,-15.945512819999998,0.0,91.66666666500001,8.333333334999999,83.33333333,-16.666666670000005,-16.666666669999998,1.0,-10.4166666665,2.0833333334999997,-8.333333333,4.166666666999999,4.166666666999999,1.0,97.451,108.42,108.42,108.42,62.51602564,97.43589744,78.46153846,83.33333333,100.0,,-8.333333333,-12.5,,65.651,79.589,93.441
2026-01-01,8073,108.42,52.11451613,100.0,1.388888889,64.786,False,80.897,13.015200036879955,97.451,8.931000000000008,17.861999999999995,0.0,108.42,0.0,108.42,-6.355287432313019e-15,0.0,0.0,82.14495978333333,14.582249981189646,86.48295627,-5.4764705849999835,-10.952941170000003,0.0,91.66666666500001,8.333333334999999,83.33333333,-16.666666670000005,-16.666666669999998,1.0,-10.4166666665,2.0833333334999997,-8.333333333,4.166666666999999,4.166666666999999,1.0,64.786,108.42,108.42,108.42,86.48295627,62.51602564,97.43589744,,83.33333333,100.0,,-8.333333333,-12.5,97.451,65.651,79.589
2026-02-01,8073,108.42,50.0,,,79.21,False,75.96266666666666,15.198649245537869,64.786,-0.4325000000000029,-0.8649999999999949,0.0,108.42,0.0,108.42,-6.355287432313019e-15,0.0,0.0,67.03783268,14.390563426413298,52.11451613,-5.200754754999997,-10.401509510000004,0.0,91.66666666500001,8.333333334999999,100.0,16.666666669999977,16.666666669999998,1.0,-3.472222222,4.861111111,1.388888889,9.722222222,9.722222222000001,1.0,79.21,108.42,108.42,108.42,52.11451613,86.48295627,62.51602564,100.0,,83.33333333,1.388888889,,-8.333333333,64.786,97.451,65.651
2025-11-01,8076,103.25,0.0,,,51.625,False,51.625,0.0,51.625,3.1776437161565094e-15,0.0,0.0,103.25,0.0,103.25,6.355287432313019e-15,0.0,0.0,0.0,0.0,0.0,0.0,0.0,0.0,0.0,0.0,0.0,0.0,0.0,3.0,0.0,0.0,0.0,0.0,0.0,3.0,51.625,103.25,103.25,103.25,0.0,0.0,0.0,,,,,,,51.625,51.625,51.625
2025-12-01,8076,103.25,0.0,,,51.625,False,51.625,0.0,51.625,3.1776437161565094e-15,0.0,0.0,103.25,0.0,103.25,6.355287432313019e-15,0.0,0.0,0.0,0.0,0.0,0.0,0.0,0.0,0.0,0.0,0.0,0.0,0.0,3.0,0.0,0.0,0.0,0.0,0.0,3.0,51.625,103.25,103.25,103.25,0.0,0.0,0.0,,,,,,,51.625,51.625,51.625
2026-01-01,8076,103.25,0.0,,,51.625,False,51.625,0.0,51.625,3.1776437161565094e-15,0.0,0.0,103.25,0.0,103.25,6.355287432313019e-15,0.0,0.0,0.0,0.0,0.0,0.0,0.0,0.0,0.0,0.0,0.0,0.0,0.0,3.0,0.0,0.0,0.0,0.0,0.0,3.0,51.625,103.25,103.25,103.25,0.0,0.0,0.0,,,,,,,51.625,51.625,51.625
2026-02-01,8076,103.25,0.0,,,51.625,False,51.625,0.0,51.625,3.1776437161565094e-15,0.0,0.0,103.25,0.0,103.25,6.355287432313019e-15,0.0,0.0,0.0,0.0,0.0,0.0,0.0,0.0,0.0,0.0,0.0,0.0,0.0,3.0,0.0,0.0,0.0,0.0,0.0,3.0,51.625,103.25,103.25,103.25,0.0,0.0,0.0,,,,,,,51.625,51.625,51.625
2025-11-01,8079,108.71,34.375,100.0,0.0,60.771,False,75.77733333333333,5.599392605948935,73.335,-5.093499999999984,-10.187000000000012,0.0,108.71,0.0,108.71,0.0,0.0,0.0,72.05200038333334,10.76616318944142,84.63095238,13.148809525000006,26.297619049999994,0.0,100.0,0.0,100.0,0.0,0.0,1.0,0.0,0.0,0.0,0.0,0.0,1.0,60.771,108.71,108.71,108.71,84.63095238,73.19171544,58.33333333,100.0,100.0,,0.0,0.0,,73.335,70.475,83.522
2025-12-01,8079,108.71,58.5,100.0,0.0,66.802,False,68.19366666666667,5.3769189029488675,60.771,-4.852000000000004,-9.703999999999994,0.0,108.71,0.0,108.71,0.0,0.0,0.0,64.06588927333333,21.50776161952347,34.375,-19.408357719999994,-38.816715439999996,0.0,100.0,0.0,100.0,1.2710574864626037e-14,0.0,0.0,0.0,0.0,0.0,0.0,0.0,0.0,66.802,108.71,108.71,108.71,34.375,84.63095238,73.19171544,100.0,100.0,100.0,0.0,0.0,0.0,60.771,73.335,70.475
2026-01-01,8079,108.71,21.25,100.0,0.0,57.49,False,66.96933333333334,5.130596088391893,66.802,-3.2664999999999864,-6.532999999999987,0.0,108.71,0.0,108.71,0.0,0.0,0.0,59.168650793333335,20.522353793165408,58.5,-13.065476189999988,-26.130952379999997,0.0,100.0,0.0,100.0,1.2710574864626037e-14,0.0,0.0,0.0,0.0,0.0,0.0,0.0,0.0,57.49,108.71,108.71,108.71,58.5,34.375,84.63095238,100.0,100.0,100.0,0.0,0.0,0.0,66.802,60.771,73.335
2026-02-01,8079,108.71,65.0,100.0,0.0,68.428,False,61.68766666666667,3.856470262933309,57.49,-1.640499999999987,-3.280999999999999,0.0,108.71,0.0,108.71,0.0,0.0,0.0,38.041666666666664,15.426685933436543,21.25,-6.562499999999999,-13.125,0.0,100.0,0.0,100.0,1.2710574864626037e-14,0.0,0.0,0.0,0.0,0.0,0.0,0.0,0.0,68.428,108.71,108.71,108.71,21.25,58.5,34.375,100.0,100.0,100.0,0.0,0.0,0.0,57.49,66.802,60.771
2025-11-01,8080,111.0,55.02741228,100.0,1.25,66.194,False,50.72,17.4959557231569,67.75,5.000000000000014,10.0,0.0,111.0,0.0,111.0,6.355287432313019e-15,0.0,0.0,77.53335160666667,30.18003718231641,60.0,-29.99999999999999,-60.0,0.0,77.08333333333333,32.40906080438343,100.0,3.1776437161565096e-14,0.0,0.0,62.73726852000001,44.62222187842995,0.0,-50.00000000000001,-100.0,0.0,66.194,111.0,111.0,111.0,60.0,52.60005482,120.0,100.0,31.25,100.0,0.0,88.21180556,100.0,67.75,26.66,57.75
2025-12-01,8080,111.0,73.90277778,79.46428571,8.397515528,63.992,False,53.53466666666666,19.013873274240808,66.194,19.767000000000007,39.534000000000006,0.0,111.0,0.0,111.0,6.355287432313019e-15,0.0,0.0,55.87582236666666,3.080005078255513,55.02741228,1.2136787300000074,2.427357460000003,0.0,77.08333333333333,32.40906080438343,100.0,34.375000000000014,68.75,0.0,29.820601853333333,41.29196958033594,1.25,-43.48090278,-86.96180556,0.0,63.992,111.0,111.0,111.0,55.02741228,60.0,52.60005482,100.0,100.0,31.25,1.25,0.0,88.21180556,66.194,67.75,26.66
2026-01-01,8080,111.0,52.45394737,85.0,12.94191919,58.878,False,65.97866666666667,1.5417343768914582,63.992,-1.8789999999999967,-3.7580000000000027,0.0,111.0,0.0,111.0,6.355287432313019e-15,0.0,0.0,62.97673001999999,7.988138994727303,73.90277778,6.951388890000005,13.902777779999994,0.0,93.15476190333334,9.680628553978991,79.46428571,-10.267857144999994,-20.53571429,0.0,3.215838509333333,3.6993654901287876,8.397515528,4.198757764000001,8.397515528,0.0,58.878,111.0,111.0,111.0,73.90277778,55.02741228,60.0,79.46428571,100.0,100.0,8.397515528,1.25,0.0,63.992,66.194,67.75
2026-02-01,8080,111.0,57.29166667,100.0,0.0,67.073,False,63.02133333333334,3.0645945173147395,58.878,-3.657999999999996,-7.3160000000000025,0.0,111.0,0.0,111.0,6.355287432313019e-15,0.0,0.0,60.46137914333334,9.562394344273427,52.45394737,-1.286732454999983,-2.5734649099999984,0.0,88.15476190333334,8.67537827610109,85.0,-7.499999999999997,-15.0,0.0,7.529811572666667,4.812478654633071,12.94191919,5.845959595000001,11.69191919,0.0,67.073,111.0,111.0,111.0,52.45394737,73.90277778,55.02741228,85.0,79.46428571,100.0,12.94191919,8.397515528,1.25,58.878,63.992,66.194
2025-11-01,8081,101.44,29.375,100.0,0.0,57.704,False,22.516333333333336,15.98239774112619,31.35,15.634,31.268,0.0,101.44,0.0,101.44,6.355287432313019e-15,0.0,0.0,70.80060360666666,20.643144559602433,55.20833333,-1.0069444449999898,-2.013888889999997,0.0,-44.44444444333334,41.57397096445186,0.0,50.0,100.0,0.0,37.73148148,14.897771211503477,31.25,-13.541666664999992,-27.083333330000002,0.0,57.704,101.44,101.44,101.44,55.20833333,99.97125527,57.22222222,0.0,-33.33333333,-100.0,31.25,23.61111111,58.33333333,31.35,36.117,0.082
2025-12-01,8081,101.44,76.9965035,66.66666667,-8.333333333,63.359,False,41.72366666666667,11.466163622686633,57.704,10.793500000000003,21.587000000000003,0.0,101.44,0.0,101.44,6.355287432313019e-15,0.0,0.0,61.5181962,29.164117126078114,29.375,-35.29812763499999,-70.59625527,0.0,22.222222223333333,56.65577237216363,100.0,66.66666666500001,133.33333333000002,0.0,18.287037036666664,13.301627683702351,0.0,-11.805555555000002,-23.61111111,0.0,63.359,101.44,101.44,101.44,29.375,55.20833333,99.97125527,100.0,0.0,-33.33333333,0.0,31.25,23.61111111,57.704,31.35,36.117
2026-01-01,8081,101.44,57.08333333,100.0,-1.666666667,65.047,False,50.80433333333334,13.948669478563977,63.359,16.004500000000014,32.009,0.0,101.44,0.0,101.44,6.355287432313019e-15,0.0,0.0,53.859945610000004,19.464763222855005,76.9965035,10.894085085000015,21.78817017,0.0,55.55555555666666,41.57397096445186,66.66666667,33.333333335000006,66.66666667,0.0,7.638888889,17.038672425430978,-8.333333333,-19.7916666665,-39.583333333,0.0,65.047,101.44,101.44,101.44,76.9965035,29.375,55.20833333,66.66666667,100.0,0.0,-8.333333333,0.0,31.25,63.359,57.704,31.35
2026-02-01,8081,101.44,35.0,,,68.22,False,62.03666666666667,3.140205548827797,65.047,3.671500000000009,7.342999999999996,0.0,101.44,0.0,101.44,6.355287432313019e-15,0.0,0.0,54.484945610000004,19.52802452814439,57.08333333,13.854166665000006,27.708333330000002,0.0,88.88888888999999,15.713484024796374,100.0,6.355287432313019e-15,0.0,0.0,-3.3333333333333335,3.60041149890974,-1.666666667,-0.8333333335000002,-1.666666667,0.0,68.22,101.44,101.44,101.44,57.08333333,76.9965035,29.375,100.0,66.66666667,100.0,-1.666666667,-8.333333333,0.0,65.047,63.359,57.704
2025-11-01,8082,103.67,37.34375,-50.0,8.333333333,20.67,False,26.706999999999997,14.38048485506197,13.991,-2.6645000000000003,-5.329000000000001,0.0,103.67,0.0,103.67,0.0,0.0,0.0,78.68174170333333,6.39972418358601,74.72465887,0.5567738800000147,1.113547760000003,0.0,-34.027777777666664,46.65715842296725,-100.0,-50.00000000000001,-100.0,0.0,41.496008538666665,42.196701481329505,22.43247006,-38.78376496999999,-77.56752994,0.0,20.67,103.67,103.67,103.67,74.72465887,87.70945513,73.61111111,-100.0,-2.083333333,0.0,22.43247006,2.055555556,100.0,13.991,46.81,19.32
2025-12-01,8082,103.67,65.42598684,-18.0,9.1841133,35.478,False,27.157,14.161745819872163,20.67,-13.069999999999991,-26.14,0.0,103.67,0.0,103.67,0.0,0.0,0.0,66.59262133333333,21.350621992248744,37.34375,-25.182852564999994,-50.365705129999995,0.0,-50.69444444433333,39.977327679646926,-50.0,-23.958333333500008,-47.916666667,0.0,10.940452983,8.520659826871526,8.333333333,3.1388888884999995,6.277777777000001,0.0,35.478,103.67,103.67,103.67,37.34375,74.72465887,87.70945513,-50.0,-100.0,-2.083333333,8.333333333,22.43247006,2.055555556,20.67,13.991,46.81
2026-01-01,8082,103.67,55.9375,25.0,15.6013431,42.252,False,23.37966666666667,8.978845966430702,35.478,10.743500000000008,21.487000000000002,0.0,103.67,0.0,103.67,0.0,0.0,0.0,59.164798569999995,15.889932785700099,65.42598684,-4.64933601499999,-9.298672030000006,0.0,-56.0,33.7441352929167,-18.0,40.999999999999986,82.0,0.0,13.316638897666666,6.455217010201271,9.1841133,-6.624178379999998,-13.24835676,0.0,42.252,103.67,103.67,103.67,65.42598684,37.34375,74.72465887,-18.0,-50.0,-100.0,9.1841133,8.333333333,22.43247006,35.478,20.67,13.991
2026-02-01,8082,103.67,45.625,-10.0,19.64285714,29.913,False,32.800000000000004,9.012008433196232,42.252,10.791000000000006,21.582,0.0,103.67,0.0,103.67,0.0,0.0,0.0,52.90241228,11.663670793980607,55.9375,9.296875000000004,18.59375,0.0,-14.333333333333334,30.728199137310703,25.0,37.5,75.0,0.0,11.039596577666666,3.2442878148706558,15.6013431,3.634004883500001,7.268009766999999,0.0,29.913,103.67,103.67,103.67,55.9375,65.42598684,37.34375,25.0,-18.0,-50.0,15.6013431,9.1841133,8.333333333,42.252,35.478,20.67
2025-11-01,8083,119.5,43.04967949,92.85714286,-14.23913043,67.411,False,68.669,5.257226708699812,70.234,-1.9734999999999876,-3.9470000000000027,0.0,119.5,0.0,119.5,1.2710574864626037e-14,0.0,0.0,59.342897173333334,12.83349087011358,53.10416667,-12.059027774999999,-24.11805555000001,0.0,92.82407407333334,10.148291768076717,100.0,6.355287432313019e-15,0.0,0.0,-3.0092592590000002,3.775348710651758,-8.333333333,-4.166666666500001,-8.333333333,0.0,67.411,119.5,119.5,119.5,53.10416667,47.70230263,77.22222222,100.0,78.47222222,100.0,-8.333333333,-0.694444444,0.0,70.234,61.592,74.181
2025-12-01,8083,119.5,31.27763158,79.01785714,-18.68733062,62.121,False,66.41233333333334,3.598058952021522,67.411,2.909500000000006,5.819000000000003,0.0,119.5,0.0,119.5,1.2710574864626037e-14,0.0,0.0,47.952049596666676,4.108524331493848,43.04967949,-2.326311569999994,-4.652623139999996,0.0,90.44312169333334,8.952911172019277,92.85714286,7.192460320000012,14.38492063999999,0.0,-7.755636069,5.5446629119939,-14.23913043,-6.772342993000001,-13.544685986,0.0,62.121,119.5,119.5,119.5,43.04967949,53.10416667,47.70230263,92.85714286,100.0,78.47222222,-14.23913043,-8.333333333,-0.694444444,67.411,70.234,61.592
2026-01-01,8083,119.5,105.1126645,90.0,-1.315789474,78.982,False,66.58866666666667,3.3627732933134524,62.121,-4.056499999999984,-8.112999999999992,0.0,119.5,0.0,119.5,1.2710574864626037e-14,0.0,0.0,42.477159246666666,8.919837183884772,31.27763158,-10.913267544999997,-21.826535089999997,0.0,90.625,8.710125374526244,79.01785714,-10.49107142999999,-20.982142859999996,0.0,-13.753264794333333,4.240940463053148,-18.68733062,-5.176998643500002,-10.353997287,0.0,78.982,119.5,119.5,119.5,31.27763158,43.04967949,53.10416667,79.01785714,92.85714286,100.0,-18.68733062,-14.23913043,-8.333333333,62.121,67.411,70.234
2026-02-01,8083,119.5,40.3125,100.0,-21.875,70.422,False,69.50466666666667,7.040876381688731,78.982,5.785500000000005,11.570999999999998,0.0,119.5,0.0,119.5,1.2710574864626037e-14,0.0,0.0,59.81332519,32.389997267065,105.1126645,31.031492505000003,62.06298500999999,0.0,87.29166666666667,5.965610300898657,90.0,-1.428571430000005,-2.857142859999996,0.0,-11.414083508,7.3678707023770444,-1.315789474,6.461670477999998,12.923340955999999,0.0,70.422,119.5,119.5,119.5,105.1126645,31.27763158,43.04967949,90.0,79.01785714,92.85714286,-1.315789474,-18.68733062,-14.23913043,78.982,62.121,67.411
2025-11-01,8084,120.0,40.57638889,30.0,36.59375,38.496,False,54.68966666666666,12.074985171373461,57.266,-5.377499999999993,-10.755000000000003,0.0,120.0,0.0,120.0,1.2710574864626037e-14,0.0,0.0,53.19775883666667,4.404642700635248,59.0625,3.4895833350000074,6.979166669999998,0.0,70.15151515000001,21.533283013698256,50.0,-25.0,-50.0,0.0,24.591503266666667,34.77763743886227,0.0,-3.1776437161565094e-15,0.0,0.0,38.496,120.0,120.0,120.0,59.0625,48.44744318,52.08333333,50.0,60.45454545,100.0,0.0,73.7745098,0.0,57.266,38.782,68.021
2025-12-01,8084,120.0,27.12658228,100.0,0.0,61.782,False,44.848000000000006,8.781628246895142,38.496,-0.14299999999999338,-0.28599999999999426,0.0,120.0,0.0,120.0,1.2710574864626037e-14,0.0,0.0,49.36211069,7.574586390609218,40.57638889,-3.9355271449999987,-7.871054290000004,0.0,46.81818181666667,12.634946507085598,30.0,-15.227272725000002,-30.454545449999998,0.0,36.789419933333335,30.118635306619083,36.59375,-18.59037990000001,-37.180759800000004,0.0,61.782,120.0,120.0,120.0,40.57638889,59.0625,48.44744318,30.0,50.0,60.45454545,36.59375,0.0,73.7745098,38.496,57.266,38.782
2026-01-01,8084,120.0,84.0625,100.0,11.22372372,73.21,False,52.51466666666666,10.082685665150043,61.782,2.258000000000008,4.515999999999998,0.0,120.0,0.0,120.0,1.2710574864626037e-14,0.0,0.0,42.25515705666667,13.091712571259537,27.12658228,-15.967958859999985,-31.93591772,0.0,60.0,29.43920288775949,100.0,25.000000000000004,50.0,0.0,12.197916666666666,17.25045918269682,0.0,7.944109290391273e-16,0.0,0.0,73.21,120.0,120.0,120.0,27.12658228,40.57638889,59.0625,100.0,30.0,50.0,0.0,36.59375,0.0,61.782,38.496,57.266
2026-02-01,8084,120.0,78.94736842,100.0,0.0,74.737,False,57.82933333333333,14.444909814725582,73.21,17.356999999999996,34.71399999999999,0.0,120.0,0.0,120.0,1.2710574864626037e-14,0.0,0.0,50.588490390000004,24.298234695678055,84.0625,21.74305555500001,43.48611111,0.0,76.66666666666667,32.99831645537222,100.0,35.000000000000014,70.0,0.0,15.939157906666667,15.306907469989131,11.22372372,-12.685013139999995,-25.370026279999998,0.0,74.737,120.0,120.0,120.0,84.0625,27.12658228,40.57638889,100.0,100.0,30.0,11.22372372,0.0,36.59375,73.21,61.782,38.496
2025-11-01,8086,100.0,101.5625,83.33333333,2.272727273,70.656,False,56.623,7.1090539923865155,60.39,-1.2109999999999832,-2.421999999999997,0.0,100.0,0.0,100.0,1.2710574864626037e-14,0.0,0.0,69.08420794333334,36.53704996836008,36.00262383,-7.623688085000002,-15.247376170000003,0.0,88.88888888999999,15.713484024796374,100.0,6.355287432313019e-15,0.0,0.0,31.481481481333333,48.502966124960516,-5.555555556,-2.7777777780000026,-5.555555556,0.0,70.656,100.0,100.0,100.0,36.00262383,120.0,51.25,100.0,66.66666667,100.0,-5.555555556,100.0,0.0,60.39,46.667,62.812
2025-12-01,8086,100.0,37.0,100.0,0.0,59.25,False,59.23766666666668,9.827306661655687,70.656,11.99450000000001,23.989000000000004,0.0,100.0,0.0,100.0,1.2710574864626037e-14,0.0,0.0,85.85504127666667,36.04564694495057,101.5625,-9.218749999999998,-18.4375,0.0,83.33333333333333,13.608276347434607,83.33333333,8.333333330000007,16.666666660000004,0.0,32.239057239,48.020686694433,2.272727273,-48.863636363500014,-97.727272727,0.0,59.25,100.0,100.0,100.0,101.5625,36.00262383,120.0,83.33333333,100.0,66.66666667,2.272727273,-5.555555556,100.0,70.656,60.39,46.667
2026-01-01,8086,100.0,55.703125,75.0,63.55932203,41.786,False,63.431999999999995,5.129297027858693,59.25,-0.5699999999999964,-1.1400000000000006,0.0,100.0,0.0,100.0,1.2710574864626037e-14,0.0,0.0,58.188374610000004,30.67284091631882,37.0,0.49868808500000156,0.9973761700000026,0.0,94.44444444333334,7.856742014755209,100.0,6.355287432313019e-15,0.0,0.0,-1.0942760943333332,3.288219694675334,0.0,2.7777777779999995,5.555555556,0.0,41.786,100.0,100.0,100.0,37.0,101.5625,36.00262383,100.0,83.33333333,100.0,0.0,2.272727273,-5.555555556,59.25,70.656,60.39
2026-02-01,8086,100.0,33.33333333,100.0,-14.28571429,61.905,False,57.23066666666667,11.872306861862283,41.786,-14.434999999999988,-28.870000000000005,0.0,100.0,0.0,100.0,1.2710574864626037e-14,0.0,0.0,64.75520833333333,27.123596873911694,55.703125,-22.9296875,-45.859375,0.0,86.11111111000001,10.393492741335683,75.0,-4.166666664999991,-8.333333330000002,0.0,21.94401643433333,29.441088829275134,63.55932203,30.643297378500005,61.286594756999996,0.0,61.905,100.0,100.0,100.0,55.703125,37.0,101.5625,75.0,100.0,83.33333333,63.55932203,0.0,2.272727273,41.786,59.25,70.656
2025-11-01,8089,120.0,17.94671474,50.0,50.0,34.487,False,61.663000000000004,15.817129385574363,39.302,-17.02650000000001,-34.053000000000004,0.0,120.0,0.0,120.0,1.2710574864626037e-14,0.0,0.0,81.59722222,34.5626499964441,36.20833333,-41.895833335000006,-83.79166667,0.0,73.96825396666667,9.456774666234333,61.9047619,-6.547619049999999,-13.095238100000003,0.0,28.913572232000003,23.701874533628676,60.90569561,19.662628695000006,39.325257390000004,0.0,34.487,120.0,120.0,120.0,36.20833333,88.58333333,120.0,61.9047619,85.0,75.0,60.90569561,4.254582866,21.58043822,39.302,72.332,73.355
2025-12-01,8089,120.0,14.0,100.0,0.0,58.5,False,48.706999999999994,16.820652484371703,34.487,-18.92249999999999,-37.84499999999999,0.0,120.0,0.0,120.0,1.2710574864626037e-14,0.0,0.0,47.57946046666667,29.93726630501368,17.94671474,-35.31830929499999,-70.63661859,0.0,65.63492063333332,14.530096653312329,50.0,-17.500000000000004,-35.0,0.0,38.386759492,24.542312579242118,50.0,22.87270856700001,45.745417134,0.0,58.5,120.0,120.0,120.0,17.94671474,36.20833333,88.58333333,50.0,61.9047619,85.0,50.0,60.90569561,4.254582866,34.487,39.302,72.332
2026-01-01,8089,120.0,68.75,100.0,19.04761905,67.426,False,44.09633333333333,10.372889868412862,58.5,9.599000000000002,19.198,0.0,120.0,0.0,120.0,1.2710574864626037e-14,0.0,0.0,22.718349356666668,9.673981945070533,14.0,-11.104166664999996,-22.208333330000002,0.0,70.63492063333332,21.325442607863145,100.0,19.047619050000023,38.0952381,0.0,36.968565203333334,26.51715996707697,0.0,-30.452847804999994,-60.90569561,0.0,67.426,120.0,120.0,120.0,14.0,17.94671474,36.20833333,100.0,50.0,61.9047619,0.0,50.0,60.90569561,58.5,34.487,39.302
2026-02-01,8089,120.0,55.92105263,100.0,0.0,68.98,False,53.471000000000004,13.90953056960107,67.426,16.46950000000002,32.939,0.0,120.0,0.0,120.0,1.2710574864626037e-14,0.0,0.0,33.565571580000004,24.93126740649595,68.75,25.401642630000005,50.803285259999996,0.0,83.33333333333333,23.570226039551585,100.0,25.000000000000004,50.0,0.0,23.01587301666667,20.604372993096625,19.04761905,-15.476190474999994,-30.95238095,0.0,68.98,120.0,120.0,120.0,68.75,14.0,17.94671474,100.0,100.0,50.0,19.04761905,0.0,50.0,67.426,58.5,34.487
2025-11-01,8090,103.25,42.625,0.0,12.5,33.344,False,50.046666666666674,10.609081340478493,65.049,11.170500000000006,22.341000000000008,0.0,103.25,0.0,103.25,6.355287432313019e-15,0.0,0.0,77.24345071666666,22.586828397482034,109.0353618,22.50201138500001,45.004022770000006,0.0,40.74074074333333,17.173367583971736,50.0,-2.777777779999988,-5.555555560000002,0.0,21.04796057733333,22.074477914169368,2.089811784,-24.958319558000007,-49.916639116,0.0,33.344,103.25,103.25,103.25,109.0353618,58.66365132,64.03133903,50.0,16.66666667,55.55555556,2.089811784,9.047619048,52.0064509,65.049,42.383,42.708
2025-12-01,8090,103.25,62.69309211,-100.0,74.36111111,0.0,False,46.925333333333334,13.336075143092975,33.344,-4.5194999999999945,-9.039000000000001,0.0,103.25,0.0,103.25,6.355287432313019e-15,0.0,0.0,70.10800437333334,28.293862128368996,42.625,-8.019325659999996,-16.03865132,0.0,22.222222223333333,20.786985481780494,0.0,-8.333333335,-16.66666667,0.0,7.879143610666667,4.329511582066719,12.5,1.726190476000002,3.4523809520000004,0.0,0.0,103.25,103.25,103.25,42.625,109.0353618,58.66365132,0.0,50.0,16.66666667,12.5,2.089811784,9.047619048,33.344,65.049,42.383
2026-01-01,8090,103.25,56.0,83.33333333,-3.833333333,61.604,False,32.797666666666665,26.558952794783828,0.0,-32.52450000000001,-65.049,0.0,103.25,0.0,103.25,6.355287432313019e-15,0.0,0.0,71.45115130333333,27.810210825368596,62.69309211,-23.171134844999994,-46.34226969,0.0,-16.666666666666668,62.36095644623236,-100.0,-75.00000000000001,-150.0,0.0,29.650307631333334,31.89968615785114,74.36111111,36.135649663,72.27129932599999,0.0,61.604,103.25,103.25,103.25,62.69309211,42.625,109.0353618,-100.0,0.0,50.0,74.36111111,12.5,2.089811784,0.0,33.344,65.049
2026-02-01,8090,103.25,65.19736842,75.0,20.0,55.862,False,31.649333333333335,25.1782594756314,61.604,14.130000000000011,28.259999999999998,0.0,103.25,0.0,103.25,6.355287432313019e-15,0.0,0.0,53.77269737,8.342770842194847,56.0,6.687499999999999,13.375,0.0,-5.555555556666666,74.94854201663802,83.33333333,41.66666666500001,83.33333333,0.0,27.675925925666665,33.678126741386556,-3.833333333,-8.166666666500001,-16.333333333,0.0,55.862,103.25,103.25,103.25,56.0,62.69309211,42.625,83.33333333,-100.0,0.0,-3.833333333,74.36111111,12.5,61.604,0.0,33.344
2025-11-01,8091,100.0,14.375,50.0,0.0,41.094,False,61.923,11.092896135214945,59.055,4.527500000000008,9.055,0.0,100.0,0.0,100.0,1.2710574864626037e-14,0.0,0.0,55.31809460666667,45.23986013472751,55.14013912,27.570069560000004,55.14013912,0.0,100.0,0.0,100.0,0.0,0.0,1.0,11.4382527695,7.480666150499999,18.91891892,14.961332300999995,14.961332300999999,1.0,41.094,100.0,100.0,100.0,55.14013912,110.8141447,0.0,100.0,100.0,,18.91891892,3.957586619,,59.055,76.714,50.0
2025-12-01,8091,100.0,0.0,,,50.0,False,58.95433333333333,14.541978323307854,41.094,-17.809999999999995,-35.62,0.0,100.0,0.0,100.0,1.2710574864626037e-14,0.0,0.0,60.10976127333333,39.5276276029569,14.375,-48.21957235000001,-96.4391447,0.0,83.33333333333333,23.570226039551585,50.0,-24.999999999999986,-50.0,0.0,7.625501846333333,8.147456652705035,0.0,-1.9787933094999994,-3.957586619,0.0,50.0,100.0,100.0,100.0,14.375,55.14013912,110.8141447,50.0,100.0,100.0,0.0,18.91891892,3.957586619,41.094,59.055,76.714
2026-01-01,8091,100.0,0.0,,,50.0,False,50.04966666666667,7.332631648248048,50.0,-4.527500000000005,-9.055,0.0,100.0,0.0,100.0,1.2710574864626037e-14,0.0,0.0,23.17171304,23.354447910042293,0.0,-27.570069560000007,-55.14013912,0.0,75.0,25.0,50.0,-50.0,-50.0,1.0,9.45945946,9.45945946,0.0,-18.91891892,-18.91891892,1.0,50.0,100.0,100.0,100.0,0.0,14.375,55.14013912,,50.0,100.0,,0.0,18.91891892,50.0,41.094,59.055
2026-02-01,8091,100.0,0.0,,,50.0,False,47.03133333333333,4.198328662164928,50.0,4.453000000000003,8.905999999999999,0.0,100.0,0.0,100.0,1.2710574864626037e-14,0.0,0.0,4.791666666666667,6.77643998637108,0.0,-7.1875,-14.375,0.0,50.0,0.0,50.0,0.0,0.0,2.0,0.0,0.0,0.0,0.0,0.0,2.0,50.0,100.0,100.0,100.0,0.0,0.0,14.375,,,50.0,,,0.0,50.0,50.0,41.094
2025-11-01,8092,102.17,69.32291667,93.33333333,3.50877193,65.329,False,47.60933333333333,13.600581711415465,46.572,-9.094500000000002,-18.188999999999993,0.0,102.17,0.0,102.17,1.9065862296939057e-14,0.0,0.0,70.51299307333333,21.095633947504535,47.18530856,-25.548759860000004,-51.09751972,0.0,80.1984127,15.924618501628181,92.85714286,1.4285714299999923,2.857142859999996,0.0,62.444723149999994,28.378735640187767,55.92391304,12.256828315000002,24.513656630000003,0.0,65.329,102.17,102.17,102.17,47.18530856,66.07084238,98.28282828,92.85714286,57.73809524,90.0,55.92391304,100.0,31.41025641,46.572,31.495,64.761
2025-12-01,8092,102.17,53.91869835,58.33333333,7.272727273,51.787,False,47.79866666666667,13.839880113482035,65.329,16.917000000000005,33.83399999999999,0.0,102.17,0.0,102.17,1.9065862296939057e-14,0.0,0.0,60.859689203333325,9.759969647527829,69.32291667,1.6260371450000102,3.252074289999996,0.0,81.30952380999999,16.668650674522496,93.33333333,17.797619045000012,35.59523809,0.0,53.14422832333333,39.44138485531191,3.50877193,-48.24561403499999,-96.49122807,0.0,51.787,102.17,102.17,102.17,69.32291667,47.18530856,66.07084238,93.33333333,92.85714286,57.73809524,3.50877193,55.92391304,100.0,65.329,46.572,31.495
2026-01-01,8092,102.17,63.63486842,100.0,0.0,66.451,False,54.562666666666665,7.9050408530815846,51.787,2.6075000000000084,5.214999999999996,0.0,102.17,0.0,102.17,1.9065862296939057e-14,0.0,0.0,56.80897452666667,9.265840328541517,53.91869835,3.366694895000005,6.733389789999997,0.0,81.50793650666667,16.3880721591021,58.33333333,-17.26190476499999,-34.523809529999994,0.0,22.235137414333334,23.87107094823368,7.272727273,-24.325592883499993,-48.651185767,0.0,66.451,102.17,102.17,102.17,53.91869835,69.32291667,47.18530856,58.33333333,93.33333333,92.85714286,7.272727273,3.50877193,55.92391304,51.787,65.329,46.572
2026-02-01,8092,102.17,82.46875,57.5,23.07692308,54.765,False,61.18899999999999,6.663978991563521,66.451,0.5609999999999992,1.1219999999999999,0.0,102.17,0.0,102.17,1.9065862296939057e-14,0.0,0.0,62.292161146666665,6.360012192281425,63.63486842,-2.844024124999985,-5.688048250000001,0.0,83.88888888666666,18.274315782533503,100.0,3.3333333350000065,6.666666669999998,0.0,3.5938330676666665,2.969687642914135,0.0,-1.7543859650000004,-3.50877193,0.0,54.765,102.17,102.17,102.17,63.63486842,53.91869835,69.32291667,100.0,58.33333333,93.33333333,0.0,7.272727273,3.50877193,66.451,51.787,65.329
2025-11-01,8096,100.67,29.74734043,100.0,8.333333333,55.521,False,51.318999999999996,13.062060046817528,34.512,-9.286000000000005,-18.572000000000003,0.0,100.67,0.0,100.67,1.2710574864626037e-14,0.0,0.0,65.84991451,33.380119543198376,79.04411765,29.522058825000006,59.044117650000004,0.0,72.22222222333333,33.56401659396195,25.0,-37.499999999999986,-75.0,0.0,33.46560846766667,24.488410724207036,66.66666667,29.16666666850001,58.333333337,0.0,55.521,100.67,100.67,100.67,79.04411765,98.50562588,20.0,25.0,91.66666667,100.0,66.66666667,25.3968254,8.333333333,34.512,66.361,53.084
2025-12-01,8096,100.67,15.30769231,100.0,0.0,53.994,False,52.13133333333334,13.221373613290801,55.521,-5.4200000000000035,-10.840000000000003,0.0,100.67,0.0,100.67,1.2710574864626037e-14,0.0,0.0,69.09902798666667,28.93791124476362,29.74734043,-34.37914272499999,-68.75828544999999,0.0,72.22222222333333,33.56401659396195,100.0,4.166666665000001,8.333333330000002,0.0,33.46560846766666,24.488410724207032,8.333333333,-8.5317460335,-17.063492067,0.0,53.994,100.67,100.67,100.67,29.74734043,79.04411765,98.50562588,100.0,25.0,91.66666667,8.333333333,66.66666667,25.3968254,55.521,34.512,66.361
2026-01-01,8096,100.67,96.77426316,100.0,11.11111111,71.583,False,48.00899999999999,9.564158405212662,53.994,9.741000000000003,19.482,0.0,100.67,0.0,100.67,1.2710574864626037e-14,0.0,0.0,41.366383463333335,27.2865607890061,15.30769231,-31.868212670000002,-63.736425340000004,0.0,75.0,35.35533905932738,100.0,37.500000000000014,75.0,0.0,25.000000001,29.65855070171039,0.0,-33.333333335,-66.66666667,0.0,71.583,100.67,100.67,100.67,15.30769231,29.74734043,79.04411765,100.0,100.0,25.0,0.0,8.333333333,66.66666667,53.994,55.521,34.512
2026-02-01,8096,100.67,59.375,100.0,0.0,65.011,False,60.36600000000001,7.95607729977531,71.583,8.031000000000013,16.061999999999998,0.0,100.67,0.0,100.67,1.2710574864626037e-14,0.0,0.0,47.27643196666667,35.49321370900966,96.77426316,33.51346136500002,67.02692273,0.0,100.0,0.0,100.0,1.2710574864626037e-14,0.0,0.0,6.481481481,4.721314364031004,11.11111111,1.388888888500001,2.777777776999999,0.0,65.011,100.67,100.67,100.67,96.77426316,15.30769231,29.74734043,100.0,100.0,100.0,11.11111111,0.0,8.333333333,71.583,53.994,55.521
2025-11-01,8102,120.0,21.21323529,,,70.607,False,70.24366666666667,20.795501954883306,86.25,1.321500000000017,2.6430000000000007,0.0,120.0,0.0,120.0,1.2710574864626037e-14,0.0,0.0,71.99926900666667,34.140030282480744,52.5,-33.74999999999998,-67.5,0.0,50.0,50.0,0.0,-100.0,-100.0,1.0,2.786377709,2.786377709,0.0,-5.572755417999999,-5.572755418,1.0,70.607,120.0,120.0,120.0,52.5,43.49780702,120.0,,0.0,100.0,,0.0,5.572755418,86.25,40.874,83.607
2025-12-01,8102,120.0,73.31559066,36.60714286,27.31578947,50.652,False,65.91033333333333,18.82001332506318,70.607,14.866500000000007,29.732999999999997,0.0,120.0,0.0,120.0,1.2710574864626037e-14,0.0,0.0,39.07034743666667,13.15084814188203,21.21323529,-11.142285865,-22.284571730000003,0.0,0.0,0.0,0.0,0.0,0.0,2.0,0.0,0.0,0.0,0.0,0.0,2.0,50.652,120.0,120.0,120.0,21.21323529,52.5,43.49780702,,,0.0,,,0.0,70.607,86.25,40.874
2026-01-01,8102,120.0,50.3125,16.66666667,97.70114943,22.32,False,69.16966666666667,14.568318281653362,50.652,-17.798999999999996,-35.598,0.0,120.0,0.0,120.0,1.2710574864626037e-14,0.0,0.0,49.00960865,21.41340674449161,73.31559066,10.407795330000003,20.815590659999998,0.0,36.60714286,0.0,36.60714286,0.0,0.0,2.0,27.31578947,0.0,27.31578947,0.0,0.0,2.0,22.32,120.0,120.0,120.0,73.31559066,21.21323529,52.5,36.60714286,,,27.31578947,,,50.652,70.607,86.25
2026-02-01,8102,120.0,51.60818713,100.0,0.0,67.902,False,47.85966666666667,19.811721048129282,22.32,-24.14349999999998,-48.287,0.0,120.0,0.0,120.0,1.2710574864626037e-14,0.0,0.0,48.28044198333333,21.319174524556782,50.3125,14.549632355000009,29.09926471,0.0,26.636904765000004,9.970238095000001,16.66666667,-19.94047619,-19.940476190000002,1.0,62.50846945,35.19267998,97.70114943,70.38535995999997,70.38535996,1.0,67.902,120.0,120.0,120.0,50.3125,73.31559066,21.21323529,16.66666667,36.60714286,,97.70114943,27.31578947,,22.32,50.652,70.607
2025-11-01,8105,104.5,59.48766447,31.25,100.0,23.809,False,39.744,26.342591570812974,59.25,28.373000000000005,56.746,0.0,104.5,0.0,104.5,1.2710574864626037e-14,0.0,0.0,100.03443865000001,20.301464929043878,120.0,23.908045975000007,47.81609195,0.0,15.555555553333335,58.203559350665316,60.0,63.33333333500001,126.66666667,0.0,61.11321903333334,27.90611879855416,47.5,-26.249999999999982,-52.5,0.0,23.809,104.5,104.5,104.5,120.0,107.9194079,72.18390805,60.0,53.33333333,-66.66666667,47.5,35.8396571,100.0,59.25,57.478,2.504
2025-12-01,8105,104.5,61.37820513,83.33333333,58.33333333,47.72,False,46.845666666666666,16.30543885402114,23.809,-16.834500000000013,-33.669,0.0,104.5,0.0,104.5,1.2710574864626037e-14,0.0,0.0,95.80235745666668,26.147694243897664,59.48766447,-24.215871714999995,-48.43174343,0.0,48.19444444333334,12.286761418755544,31.25,-11.041666664999987,-22.083333330000002,0.0,61.11321903333334,27.90611879855416,100.0,32.08017145000002,64.1603429,0.0,47.72,104.5,104.5,104.5,59.48766447,120.0,107.9194079,31.25,60.0,53.33333333,100.0,47.5,35.8396571,23.809,59.25,57.478
2026-01-01,8105,104.5,69.58333333,,,87.042,False,43.592999999999996,14.760086201193632,47.72,-5.765000000000001,-11.530000000000001,0.0,104.5,0.0,104.5,1.2710574864626037e-14,0.0,0.0,80.2886232,28.090788781027637,61.37820513,-29.310897434999994,-58.62179487,0.0,58.19444444333334,21.301227286115537,83.33333333,11.666666665000005,23.333333330000002,0.0,68.61111111000001,22.63164505835868,58.33333333,5.416666665000004,10.833333330000002,0.0,87.042,104.5,104.5,104.5,61.37820513,59.48766447,120.0,83.33333333,31.25,60.0,58.33333333,100.0,47.5,47.72,23.809,59.25
2026-02-01,8105,104.5,120.0,,,112.25,False,52.857,26.069070421989863,87.042,31.616500000000006,63.233000000000004,0.0,104.5,0.0,104.5,1.2710574864626037e-14,0.0,0.0,63.483067643333335,4.382044202022643,69.58333333,5.0478344300000115,10.095668860000004,0.0,57.291666665,26.041666665,83.33333333,52.08333332999998,52.08333333,1.0,79.16666666500001,20.833333335,58.33333333,-41.666666670000005,-41.66666667,1.0,112.25,104.5,104.5,104.5,69.58333333,61.37820513,59.48766447,,83.33333333,31.25,,58.33333333,100.0,87.042,47.72,23.809
2025-11-01,8114,111.42,0.0,,,55.71,False,55.71,0.0,55.71,1.2710574864626037e-14,0.0,0.0,111.42,0.0,111.42,2.5421149729252075e-14,0.0,0.0,0.0,0.0,0.0,0.0,0.0,0.0,0.0,0.0,0.0,0.0,0.0,3.0,0.0,0.0,0.0,0.0,0.0,3.0,55.71,111.42,111.42,111.42,0.0,0.0,0.0,,,,,,,55.71,55.71,55.71
2025-12-01,8114,112.52455430235116,0.0,,,56.262,True,55.71,0.0,55.71,1.2710574864626037e-14,0.0,0.0,111.42,0.0,111.42,2.5421149729252075e-14,0.0,0.0,0.0,0.0,0.0,0.0,0.0,0.0,0.0,0.0,0.0,0.0,0.0,3.0,0.0,0.0,0.0,0.0,0.0,3.0,56.262,111.42,111.42,111.42,0.0,0.0,0.0,,,,,,,55.71,55.71,55.71
2026-01-01,8114,110.7655778429145,0.0,,,55.383,True,55.894000000000005,0.2602152954766493,56.262,0.2760000000000026,0.5519999999999996,0.0,111.78818476745039,0.5206918915875215,112.52455430235116,0.5522771511755858,1.1045543023511613,0.0,0.0,0.0,0.0,0.0,0.0,0.0,0.0,0.0,0.0,0.0,0.0,3.0,0.0,0.0,0.0,0.0,0.0,3.0,55.383,112.52455430235116,111.42,111.42,0.0,0.0,0.0,,,,,,,56.262,55.71,55.71
2026-02-01,8114,111.74320584244806,4.735349501168299,,,58.239,True,55.785000000000004,0.3627478463064935,55.383,-0.1634999999999981,-0.3269999999999982,0.0,111.57004404842189,0.7258946014232874,110.7655778429145,-0.3272110785427329,-0.6544221570855058,0.0,0.0,0.0,0.0,0.0,0.0,0.0,0.0,0.0,0.0,0.0,0.0,3.0,0.0,0.0,0.0,0.0,0.0,3.0,58.239,110.7655778429145,112.52455430235116,111.42,0.0,0.0,0.0,,,,,,,55.383,56.262,55.71
2025-11-01,8134,112.27,0.0,,,56.135,False,53.77466666666666,8.545499413271424,56.135,-3.362000000000006,-6.724000000000004,0.0,112.27,0.0,112.27,2.5421149729252075e-14,0.0,0.0,36.354166666666664,28.60407309487406,0.0,-19.583333334999992,-39.16666667,0.0,58.333333335,41.666666664999994,16.66666667,-83.33333332999999,-83.33333333,1.0,14.756944445,14.756944445,29.51388889,29.513888889999997,29.51388889,1.0,56.135,112.27,112.27,112.27,0.0,69.89583333,39.16666667,,16.66666667,100.0,,29.51388889,0.0,56.135,42.33,62.859
2025-12-01,8134,112.27,10.0,,,61.135,False,51.53333333333333,6.507739409520193,56.135,6.902500000000002,13.805,0.0,112.27,0.0,112.27,2.5421149729252075e-14,0.0,0.0,23.29861111,32.94921181621847,0.0,-34.94791666500001,-69.89583333,0.0,16.66666667,0.0,16.66666667,0.0,0.0,2.0,29.51388889,0.0,29.51388889,0.0,0.0,2.0,61.135,112.27,112.27,112.27,0.0,0.0,69.89583333,,,16.66666667,,,29.51388889,56.135,56.135,42.33
2026-01-01,8134,112.27,29.19871795,100.0,0.0,60.367,False,57.80166666666667,2.357022603955158,61.135,2.500000000000009,5.0,0.0,112.27,0.0,112.27,2.5421149729252075e-14,0.0,0.0,3.3333333333333335,4.714045207910316,10.0,5.000000000000001,10.0,0.0,0.0,0.0,0.0,0.0,0.0,3.0,0.0,0.0,0.0,0.0,0.0,3.0,60.367,112.27,112.27,112.27,10.0,0.0,0.0,,,,,,,61.135,56.135,56.135
2026-02-01,8134,112.27,40.38461538,,,76.327,False,59.21233333333333,2.1984754313437804,60.367,2.116000000000002,4.231999999999999,0.0,112.27,0.0,112.27,2.5421149729252075e-14,0.0,0.0,13.066239316666667,12.115902776687543,29.19871795,14.599358975000005,29.19871795,0.0,100.0,0.0,100.0,0.0,0.0,2.0,0.0,0.0,0.0,0.0,0.0,2.0,76.327,112.27,112.27,112.27,29.19871795,10.0,0.0,100.0,,,0.0,,,60.367,61.135,56.135
2025-11-01,8199,101.5,89.30698755,100.0,-11.45833333,75.566,False,65.88000000000001,8.670604630973937,74.799,3.045500000000011,6.091000000000008,0.0,101.5,0.0,101.5,6.355287432313019e-15,0.0,0.0,99.69962785666667,16.608381665889457,99.78070175,-10.109649124999994,-20.219298249999994,0.0,62.5,27.003086243366084,100.0,25.00000000000001,50.0,0.0,0.17857142866666664,2.4862623306946854,2.083333333,2.7083333330000006,5.416666666,0.0,75.566,101.5,101.5,101.5,99.78070175,79.31818182,120.0,100.0,37.5,50.0,2.083333333,1.785714286,-3.333333333,74.799,54.133,68.708
2025-12-01,8199,101.5,92.91096473,100.0,0.0,73.603,False,68.16600000000001,9.92776876577344,75.566,10.716499999999996,21.433,0.0,101.5,0.0,101.5,6.355287432313019e-15,0.0,0.0,89.46862370666668,8.35457061161806,89.30698755,4.994402864999997,9.988805729999996,0.0,79.16666666666667,29.46278254943948,100.0,31.250000000000007,62.5,0.0,-2.529761903666667,6.31462245166652,-11.45833333,-6.622023808000002,-13.244047616,0.0,73.603,101.5,101.5,101.5,89.30698755,99.78070175,79.31818182,100.0,100.0,37.5,-11.45833333,2.083333333,1.785714286,75.566,74.799,54.133
2026-01-01,8199,101.5,94.33808282,100.0,0.274122807,73.891,False,74.656,0.8077454219410177,73.603,-0.5979999999999908,-1.1960000000000122,0.0,101.5,0.0,101.5,6.355287432313019e-15,0.0,0.0,93.99955134333334,4.344608758516454,92.91096473,-3.4348685100000065,-6.869737020000002,0.0,100.0,0.0,100.0,1.2710574864626037e-14,0.0,0.0,-3.124999999,5.95362090094557,0.0,-1.0416666664999996,-2.083333333,0.0,73.891,101.5,101.5,101.5,92.91096473,89.30698755,99.78070175,100.0,100.0,100.0,0.0,-11.45833333,2.083333333,73.603,75.566,74.799
2026-02-01,8199,101.5,38.01169591,,,69.756,False,74.35333333333334,0.8655080717256342,73.891,-0.8375,-1.6749999999999972,0.0,101.5,0.0,101.5,6.355287432313019e-15,0.0,0.0,92.18534503333335,2.1170534337607148,94.33808282,2.5155476350000097,5.0310952699999945,0.0,100.0,0.0,100.0,1.2710574864626037e-14,0.0,0.0,-3.7280701743333338,5.467266969289291,0.274122807,5.866228068500001,11.732456137,0.0,69.756,101.5,101.5,101.5,94.33808282,92.91096473,89.30698755,100.0,100.0,100.0,0.274122807,0.0,-11.45833333,73.891,73.603,75.566
2025-11-01,8480,91.13,78.422,80.803,46.183,51.043,True,64.264,16.309098401403638,47.63,-19.394000000000002,-38.788000000000004,0.0,94.25866666666667,2.4229526523552924,90.906,-2.820999999999991,-5.641999999999996,0.0,85.46566666666666,8.975612637710153,82.459,3.0850000000000164,6.170000000000002,0.0,54.5595,11.481499999999997,66.041,22.962999999999987,22.962999999999994,1.0,24.980999999999998,23.907,48.888,47.81399999999999,47.814,1.0,51.043,90.906,95.322,96.548,82.459,97.649,76.289,66.041,43.078,,48.888,1.074,,47.63,58.744,86.418
2025-12-01,8480,84.886,82.546,63.489,-30.963,65.471,True,52.47233333333333,4.6484760465722035,51.043,-3.8504999999999914,-7.7010000000000005,0.0,92.45266666666667,2.0309848732956035,91.13,-2.0959999999999988,-4.192000000000007,0.0,86.17666666666666,8.27788887472055,78.422,-9.613499999999993,-19.227000000000004,0.0,63.30733333333333,15.52199743017058,80.803,18.8625,37.724999999999994,0.0,32.04833333333333,21.929983285194012,46.183,22.554500000000004,45.109,0.0,65.471,91.13,90.906,95.322,78.422,82.459,97.649,80.803,66.041,43.078,46.183,48.888,1.074,51.043,47.63,58.744
2026-01-01,8480,86.748,70.45,79.846,-50.0,71.761,True,54.714666666666666,7.732449906436871,65.471,8.920500000000008,17.841,0.0,88.974,2.8920986612954063,84.886,-3.0099999999999985,-6.02000000000001,0.0,81.14233333333334,1.923894025725491,82.546,0.043500000000013396,0.0870000000000033,0.0,70.111,7.631833506220288,63.489,-1.2759999999999978,-2.5519999999999996,0.0,21.369333333333334,37.021021868962805,-30.963,-39.9255,-79.851,0.0,71.761,84.886,91.13,90.906,82.546,78.422,82.459,63.489,80.803,66.041,-30.963,46.183,48.888,65.471,51.043,47.63
2026-02-01,8480,85.589,78.131,84.161,1.787,61.524,True,62.75833333333333,8.672861939534274,71.761,10.359000000000009,20.717999999999996,0.0,87.58800000000001,2.6173885203894853,86.748,-2.190999999999991,-4.381999999999991,0.0,77.13933333333334,5.020772140705939,70.45,-3.985999999999979,-7.971999999999994,0.0,74.71266666666666,7.945941619608229,79.846,-0.47849999999998843,-0.9569999999999936,0.0,-11.593333333333334,41.5866994950175,-50.0,-48.091499999999996,-96.18299999999999,0.0,61.524,86.748,84.886,91.13,70.45,82.546,78.422,79.846,63.489,80.803,-50.0,-30.963,46.183,71.761,65.471,51.043
2025-11-01,9139,88.433,94.955,,,91.694,True,68.318,6.1123250895219865,64.415,-6.26699999999998,-12.533999999999992,0.0,91.34033333333333,2.1557164831107896,92.74,-0.12300000000000282,-0.24600000000000932,0.0,84.35633333333334,1.4332899993449393,82.346,-1.6199999999999886,-3.239999999999995,0.0,81.16933333333333,3.0820627652416293,78.765,-0.2290000000000014,-0.4579999999999984,0.0,-16.404999999999998,24.001558546616646,-3.808,23.096,46.192,0.0,91.694,92.74,88.295,92.986,82.346,85.137,85.586,78.765,85.52,79.223,-3.808,4.593,-50.0,64.415,63.59,76.949
2025-12-01,9139,82.75,78.921,78.038,43.68,49.007,True,73.233,13.058242531060602,91.694,14.052000000000003,28.104,0.0,89.82266666666668,2.06363535753991,88.433,0.06900000000003242,0.13800000000000523,0.0,87.47933333333333,5.407501846714636,94.955,4.909000000000018,9.817999999999998,0.0,82.1425,3.3774999999999977,78.765,-6.755000000000003,-6.7549999999999955,1.0,0.39250000000000007,4.2005,-3.808,-8.400999999999998,-8.401,1.0,49.007,88.433,92.74,88.295,94.955,82.346,85.137,,78.765,85.52,,-3.808,4.593,91.694,64.415,63.59
2026-01-01,9139,86.311,72.547,80.216,35.331,50.936,True,68.372,17.650087421879814,49.007,-7.703999999999997,-15.408000000000008,0.0,87.97433333333333,4.091275785810038,82.75,-4.9949999999999966,-9.989999999999995,0.0,85.40733333333333,6.894495888428357,78.921,-1.71249999999999,-3.424999999999997,0.0,78.4015,0.36350000000000193,78.038,-0.7270000000000039,-0.7270000000000039,1.0,19.936,23.744,43.68,47.48799999999999,47.488,1.0,50.936,82.75,88.433,92.74,78.921,94.955,82.346,78.038,,78.765,43.68,,-3.808,49.007,91.694,64.415
2026-02-01,9139,108.348,110.0,67.211,-42.711,82.068,True,63.879,19.68393471844489,50.936,-20.379000000000005,-40.758,0.0,85.83133333333335,2.3447362798878335,86.311,-1.0609999999999888,-2.122,0.0,82.141,9.427121016867591,72.547,-11.203999999999988,-22.408,0.0,79.127,1.0889999999999986,80.216,2.177999999999983,2.1779999999999973,1.0,39.5055,4.174499999999998,35.331,-8.349000000000007,-8.348999999999997,1.0,82.068,86.311,82.75,88.433,72.547,78.921,94.955,80.216,78.038,,35.331,43.68,,50.936,49.007,91.694
2025-11-01,9192,84.174,82.762,78.589,-50.0,73.881,True,56.078333333333326,4.245206106761941,61.998,4.006500000000009,8.012999999999998,0.0,90.992,2.605180352042188,87.319,-2.8794999999999966,-5.759,0.0,91.78266666666667,4.246333110919223,97.668,3.89700000000001,7.794000000000011,0.0,66.23133333333332,3.6424686073534707,64.887,-3.161499999999984,-6.322999999999993,0.0,24.692666666666668,16.223113312664605,1.881,-18.169999999999995,-36.339999999999996,0.0,73.881,87.319,92.579,93.078,97.668,87.806,89.874,64.887,62.597,71.21,1.881,33.976,38.221,61.998,52.252,53.985
2025-12-01,9192,94.165,99.455,62.28,50.0,51.475,True,62.71033333333333,8.844356932844555,73.881,10.8145,21.628999999999998,0.0,88.024,3.467350092890337,84.174,-4.2024999999999855,-8.404999999999987,0.0,89.41199999999999,6.190403110191347,82.762,-2.5219999999999985,-5.043999999999997,0.0,68.691,7.06110605122644,78.589,7.9960000000000075,15.991999999999997,0.0,-4.714333333333333,34.59880499220874,-50.0,-41.988,-83.976,0.0,51.475,84.174,87.319,92.579,82.762,97.668,87.806,78.589,64.887,62.597,-50.0,1.881,33.976,73.881,61.998,52.252
2026-01-01,9192,84.595,98.919,66.687,44.668,51.383,True,62.45133333333333,9.152826242326586,51.475,-5.261499999999985,-10.522999999999996,0.0,88.55266666666667,4.171048655780568,94.165,3.423000000000012,6.846000000000004,0.0,93.295,7.4836002476526415,99.455,0.8935000000000015,1.786999999999992,0.0,68.58533333333334,7.153280009120912,62.28,-1.3035000000000003,-2.6069999999999993,0.0,0.6270000000000001,40.83445756547608,50.0,24.059500000000007,48.119,0.0,51.383,94.165,84.174,87.319,99.455,82.762,97.668,62.28,78.589,64.887,50.0,-50.0,1.881,51.475,73.881,61.998
2026-02-01,9192,88.488,86.463,68.164,9.248,58.467,True,58.913000000000004,10.584040942223657,51.383,-11.248999999999974,-22.497999999999998,0.0,87.64466666666665,4.613774328633291,84.595,0.21050000000001515,0.42099999999999227,0.0,93.71199999999999,7.745910706086576,98.919,8.078500000000018,16.156999999999996,0.0,69.18533333333333,6.888498739848101,66.687,-5.95099999999999,-11.902000000000001,0.0,14.889333333333333,45.93529319476353,44.668,47.333999999999996,94.668,0.0,58.467,84.595,94.165,84.174,98.919,99.455,82.762,66.687,62.28,78.589,44.668,50.0,-50.0,51.383,51.475,73.881
